,name,price,cluster_group
0,"Apple MacBook Pro M1 2020 13"" 8 GB RAM & 256 GB SSD - Space Grey",10622,0.0
1,"Samsung Galaxy Book Pro 360 - Intel Core i7 & 15"" AMOLED FHD",11999,0.0
2,ASUS ROG Strix G17 G713QM-HX015T - RTX3060 & Ryzen 7 5800H,11999,0.0
3,Lenovo Legion 5 Pro 16ACH6H - RTX3070 & Ryzen 7 5800H,12499,0.0
4,MSI Summit E13 Flip Evo - Intel Core i7 1185G7 & 32 GB RAM,14546,0.0
5,ASUS ROG Zephyrus G14 GA401IV-HE133T - Ryzen 9 & RTX 2060,15999,0.0
6,ASUS VivoBook 14 K413EA-AM756T - 256 GB SSD & 8 GB RAM,3999,0.0
7,Lenovo IdeaPad Flex 5 14ARE05 - 8 GB RAM & 256 SSD,4490,0.0
8,ASUS VivoBook 14 M413IA-EB140T - Ryzen 5 & 512GB SSD,4699,0.0
9,Lenovo ThinkBook 15 G2 ARE - Ryzen 5 4600U & 8 GB RAM,5099,0.0
10,ASUS VivoBook S15 M533IA-BQ023T - Ryzen 7 & 512 GB SSD,5499,0.0
11,Lenovo ThinkPad E15 Gen 2 - Intel Core i5 1135G7 & 8 GB RAM,5999,0.0
12,Lenovo IdeaPad 5 15ARE05 - Ryzen 7 & 512GB SSD,6795,0.0
13,ASUS VivoBook Flip 14 TM420IA-EC070T - Ryzen 7 4700U & 16 GB RAM,6999,0.0
14,Lenovo ThinkPad E14 Gen 2 - Intel Core i7 1165G7 & 16 GB RAM,7249,0.0
15,Lenovo Legion 5 15ARH05H,7299,0.0
16,Lenovo ThinkBook 15 G2 ITL - Intel Core i7 1165G7 & 16 GB RAM,7452,0.0
17,Lenovo IdeaPad Flex 5 14ARE05 - Ryzen 7 & 512GB SSD,7499,0.0
18,ASUS ZenBook 14 UX425JA-PURE13 - Intel Core i7 1065G7 & 16 GB RAM,7899,0.0
19,Lenovo ThinkPad E15 Gen 2 - Intel Core i7 1165G7 & 16 GB RAM,7998,0.0
20,Lenovo Yoga Slim 7 Pro 14ACH5 - 16 GB RAM & Ryzen 7 5800H,7999,0.0
21,"Samsung Galaxy Book Pro - Intel Core i5 & 13"" AMOLED FHD",7999,0.0
22,"Apple MacBook Air M1 2020 13"" 8GB RAM & 256 GB SSD - Space Grey",8261,0.0
23,"Samsung Galaxy Book Pro 360 - Intel Core i5 & 13"" AMOLED FHD",8999,0.0
24,"Samsung Galaxy Book Pro LTE - Intel Core i7 & 13"" AMOLED FHD",11499,0.0
25,GIGABYTE AORUS 15G XC - 240Hz FHD with RTX 3070,13999,0.0
26,Lenovo ThinkPad T15 Gen 2,14102,0.0
27,Dell XPS 15 9500 - Intel Core i7 10750H & 4K 3840x2400,19499,1.0
28,Acer TravelMate B1 TMB118-M-C7W2,1999,0.0
29,ASUS ROG Zephyrus G15 GA503QS-HQ004R - Ryzen 9 5900HS & RTX3080,21899,1.0
30,Lenovo ThinkPad T440 - Refurbished - 8 GB RAM & 180 GB SSD,2399,0.0
31,Razer Blade 15 Advanced - FHD 360 Hz with RTX 3080,25495,1.0
32,Lenovo V145-15AST - 256 GB SSD & 8 GB RAM,2699,0.0
33,Acer Chromebook 714 CB714-1W-35AF - 64 GB SSD & 4 GB RAM,2799,0.0
34,ASUS Chromebook C523NA-A20025 - 64 GB SSD & 4 GB RAM,3199,0.0
35,ASUS VivoBook 14 M413IA-EB222T - Ryzen 5 & 512 GB SSD,4699,0.0
36,Lenovo IdeaPad Flex 5 14ARE05,5495,0.0
37,Lenovo ThinkBook 15-IIL - Intel Core i5 Quad Core & WiFi6,5699,0.0
38,Lenovo Yoga Slim 7 14ARE05 - Ryzen 5 4500U & 8 GB RAM,5999,0.0
39,Lenovo IdeaPad 5 15ARE05 - Ryzen 7 4700U & 16 GB RAM,5999,0.0
40,Acer Nitro 5 AN515-44-R3HK - GTX 1650 & 512 GB SSD,6299,0.0
41,Lenovo Yoga Slim 7 14ARE05,6999,0.0
42,Acer Nitro 5 AN515-44-R5GB - GTX 1650 Ti & Ryzen 7 4800H,7799,0.0
43,"Samsung Galaxy Book - Intel Core i7 & 15"" FHD LED",7999,0.0
44,"Apple MacBook Air M1 2020 13"" 8 GB RAM & 256 SSD - Gold",8264,0.0
45,ASUS TUF Gaming Dash F15 FX516PM-HN013T - RTX 3060 & Intel Core i5 11300H,8399,0.0
46,Lenovo IdeaPad Flex 5 14ARE05 - Ryzen 7 4700U & 16 GB RAM,8436,0.0
47,Razer Blade Stealth 13,8999,0.0
48,"Samsung Galaxy Book Pro 360 - Intel Core i5 & 13"" AMOLED FHD",9499,0.0
49,ASUS ZenBook 13 OLED UX325EA-PURE19,11799,0.0
50,"Apple MacBook Pro M1 2020 13"" M1/8/512 Space Grey",12322,0.0
51,"Samsung Galaxy Book Pro 360 5G - Intel Core i7 & 13"" AMOLED FHD",12999,0.0
52,Dell XPS 15 9500,13796,0.0
53,MSI GE66 10SF-042NE Raider,14499,0.0
54,GIGABYTE AORUS 15P XC - 240Hz FHD with RTX 3070P,15299,0.0
55,"Apple MacBook Pro M1 2020 13"" 16 GB RAM & 512 GB SSD - Space Grey",15525,0.0
56,"Apple MacBook Pro M1 2020 13"" M1/16/1TB Space Grey",16365,1.0
57,Acer Predator Helios 700 PH717-72-94U0,27999,1.0
58,Acer Swift 1 SF114-33-C9SB,2899,0.0
59,ASUS ROG Zephyrus Duo 15 SE GX551QS-HB109R,30499,2.0
60,Acer Aspire 5 A515-45-R8HZ - Ryzen 3 5300U & 512 GB SSD,4499,0.0
61,Lenovo ThinkBook 14 G2 ARE,5339,0.0
62,"HP ProBook 455 G7 Notebook (15.6"") AMD Ryzen 5 Windows 10 Pro",5555,0.0
63,Lenovo IdeaPad Gaming 3 15ARH05,5799,0.0
64,Lenovo ThinkPad E14,5990,0.0
65,HP ProBook 455 G7 Ryzen 3 8GB 256GB,5999,0.0
66,Lenovo ThinkPad E14 Gen 2 - Intel Core i5 1135G7 & 8 GB SSD,6234,0.0
67,ASUS TUF Gaming FX705DT H7243T - Ryzen 5 & 256GB SSD + 1 TB HDD,6796,0.0
68,Lenovo ThinkPad E15 Gen 2-ARE,6874,0.0
69,Lenovo Yoga Slim 7 14ARE05 - Ryzen 7 4700U & 16 GB RAM,7399,0.0
70,Acer Aspire 7 A715-41G-R8ZH - Ryzen 7 & Nvidia GeForce 1650 Ti,7499,0.0
71,Lenovo Yoga Slim 7 Carbon 13ITL5,7499,0.0
72,Lenovo Legion 5 15ACH6H 82JU,7999,0.0
73,"Apple MacBook Air M1 2020 13"" M1/8/256 Silver",8699,0.0
74,ASUS ZenBook 13 OLED UX325EA-PURE18,10399,0.0
75,Lenovo ThinkPad T14 Gen 2,10495,0.0
76,"Apple MacBook Air M1 2020 13"" M1/16/512 Space Grey",12133,0.0
77,ASUS TUF Gaming Dash F15 FX516PR-AZ019T,14499,0.0
78,Lenovo ThinkPad X1 Carbon Gen 8,14538,0.0
79,ASUS ZenBook Pro Duo UX581LV-H2002R - Core i7 & OLEd Ultra HD 4K,16699,1.0
80,Lenovo Legion 7 16ACHg6,16999,1.0
81,GIGABYTE AORUS 15G YC - 240Hz FHD with RTX 3080,17899,1.0
82,ASUS ROG Zephyrus S15 GX502LWS-HF048T,20995,1.0
83,Acer Chromebook 314 CB314-1H-C8VP - 4 GB RAM & 64 GB SSD,2187,0.0
84,ASUS ROG Zephyrus Duo 15 GX550LXS-HF073T,27412,1.0
85,Acer Aspire 3 A315-34-C9YV - 4 GB RAM & 128 GB SSD,2891,0.0
86,Lenovo T460 (REFURBISHED),4099,0.0
87,Lenovo V14-IIL,4595,0.0
88,"Samsung Galaxy Book - Intel Core i3 & 15"" FHD LED",4999,0.0
89,Dell Vostro 3500,5379,0.0
90,Lenovo IdeaPad Flex 5 14ARE05,6753,0.0
91,Razer *DEMO* Blade Stealth,7995,0.0
92,Acer Nitro 5 AN515-54-5260,8499,0.0
93,Lenovo ThinkPad L15 Gen 1,8706,0.0
94,"Samsung Galaxy Book Pro - Intel Core i5 & 13"" AMOLED FHD",8999,0.0
95,"Samsung Galaxy Book Pro - Intel Core i5 & 15"" AMOLED FHD",8999,0.0
96,Acer Predator Helios 300 PH315-52-73HY,9799,0.0
97,ASUS ROG Zephyrus G14 GA401IU-HE094T AniMe Matrix,9979,0.0
98,ASUS ZenBook Flip 13 OLED UX363EA-PURE13,9990,0.0
99,Lenovo Legion 5 15ACH6H 82JU,11072,0.0
100,"Samsung Galaxy Book Pro - Intel Core i7 & 15"" AMOLED FHD",11499,0.0
101,ASUS ROG STRIX G713QM-HX016T RTX3060 & 144 Hz,12760,0.0
102,HP EliteBook 850 G8,12928,0.0
103,Lenovo ThinkPad T14 Gen 2,13207,0.0
104,ASUS ROG GV301QE-K6038T - IPS 120 Hz & RTX3050 Ti,14619,0.0
105,ASUS ROG Zephyrus G14 GA401QM-HZ024T,14999,0.0
106,"Microsoft Surface laptop 4 13.5""",15082,0.0
107,"Apple MacBook Pro 2020 13"" with Touch Bar Space Grey i5 16GB 1TB",16855,1.0
108,Lenovo ThinkPad T15 Gen 2,17495,1.0
109,Lenovo ThinkPad X1 Carbon Gen 9,18991,1.0
110,ASUS ROG Strix SCAR 17 G733QR-K4008T - Ryzen 9 5900HX & RTX 3070,19199,1.0
111,ASUS Zephyrus GU603HR-K8004T RTX 3070 & Core i9 11900H Rocket Lake,20119,1.0
112,Dell XPS 17 9700,21677,1.0
113,Lenovo ThinkPad L480 / Refurbished,3149,0.0
114,Lenovo IdeaPad 3 17IML05,4155,0.0
115,Lenovo ThinkPad T470s / Refurbished,5999,0.0
116,"Samsung Galaxy Book - Intel Core i5 & 15"" FHD LED",5999,0.0
117,Lenovo Yoga Slim 7 14ARE05 - Ryzen 7 & 512GB SSD,6499,0.0
118,Lenovo ThinkPad L13 Gen 2,7600,0.0
119,Lenovo Yoga Slim 7 14ARE05,7999,0.0
120,ASUS TUF FX516PE-HN004T - IPS 144 Hz & RTX3050 Ti,7999,0.0
121,Acer Predator Helios 300 PH315-52-516A - Intel Quad Core i5 Processor & 144 Hz,8799,0.0
122,HP 470 G7,9499,0.0
123,Lenovo Legion 5 15ACH6H 82JU - RTX3070 & Ryzen 5 5600H,9999,0.0
124,"Apple MacBook Air M1 2020 13"" M1/8/512 Silver",10999,0.0
125,Lenovo Yoga S940-14IIL,11499,0.0
126,ASUS Zephyrus GA503QM-HQ058T IPS 144 Hz & RTX3060,13909,0.0
127,Razer Blade 15 Base (2021) - 144hz FHD with RTX 3060,14995,0.0
128,ASUS ROG Strix G17 G712LWS-EV003T,15065,0.0
129,"Microsoft Surface laptop 4 15""",15676,0.0
130,"Microsoft Surface Laptop 4 15""",15804,0.0
131,ASUS ZenBook Pro Duo 15 OLED UX582LR-H2002R,28499,1.0
132,Lenovo ThinkPad A475 - Refurbished,4290,0.0
133,"Samsung Galaxy Book - Intel Core i5 & 15"" FHD LED",6499,0.0
134,Acer Swift 3 SF314-42-R470,6591,0.0
135,Lenovo Gaming 3 15IMH05,6699,0.0
136,Lenovo ThinkBook 14 G2 ARE,6704,0.0
137,Lenovo ThinkPad E14 Gen 2,6799,0.0
138,Lenovo IdeaPad 3 14ITL06 82H7,7128,0.0
139,Lenovo ThinkPad L14 Gen 1,7490,0.0
140,Dell Latitude 5420,7494,0.0
141,Acer Nitro 5 AN515-44-R0PC - GTX 1650 TI & 16 GB,7999,0.0
142,ASUS TUF Gaming A15 FX506IU-HN296T,8099,0.0
143,Acer Predator Helios 300 PH315-52-582R,8199,0.0
144,Apple MacBook Air 2020 with Retina display Gold i3 8GB 256GB,8545,0.0
145,Lenovo Yoga Slim 7 Pro 14ITL5,8699,0.0
146,"Samsung Galaxy Book Pro - Intel Core i5 & 15"" AMOLED FHD",9499,0.0
147,ASUS TUF Gaming A17 FX706IU-H7209T,9499,0.0
148,ASUS ZenBook 14 UX425EA-PURE13,10499,0.0
149,"Apple MacBook Air M1 2020 13"" M1/8/512 Space Grey",10999,0.0
150,Razer Blade Stealth 13,12995,0.0
151,Lenovo ThinkPad T14 Gen 2,13493,0.0
152,HP ZBook Power G7 Mobile Workstation,13699,0.0
153,"Apple MacBook Pro 2020 13"" with Touch Bar Space Grey i5 16GB 512GB",15155,0.0
154,ASUS ZenBook Pro 15 OLED UX535LI-PURE3,15999,0.0
155,Lenovo ThinkPad P15 Gen 1,20485,1.0
156,Acer Chromebook 714 CB714-1W-34ET,2990,0.0
157,Lenovo V15-ADA - Ryzen Processor & Full HD,4222,0.0
158,Acer Swift 1 SF114-33-P5WF,4289,0.0
159,Lenovo IdeaPad 5 14ARE05,4799,0.0
160,Lenovo ThinkBook 14-IIL,5490,0.0
161,Acer Aspire 5 A515-44-R42X - Ryzen 7 4500U & 16 GB RAM,5999,0.0
162,Lenovo Yoga Slim 7 Pro 14ACH5 82MS,6133,0.0
163,Dell Latitude 3510,6199,0.0
164,ASUS ZenBook 14 UX425JA-PURE2,6222,0.0
165,Lenovo ThinkPad E495,6409,0.0
166,Lenovo ThinkBook 13s-IML - Intel Core i7 & 512 GB SSD,6990,0.0
167,Dell Latitude 5510,7415,0.0
168,Lenovo ThinkBook 14 G2 ITL,7599,0.0
169,Acer Aspire 7 A715-75G-5930 -Quad Core i5 & Nvidia GTX grafikkort,7999,0.0
170,Lenovo ThinkPad T15 Gen 1,9464,0.0
171,Acer Predator Helios 300 PH315-52-7385,9499,0.0
172,Lenovo ThinkBook 15p-IMH,10642,0.0
173,Lenovo ThinkPad T14 Gen 1,11112,0.0
174,ASUS ROG Strix G15 G512LW-HN068T,11499,0.0
175,ASUS ZenBook 14 UX425EA-PURE14,12499,0.0
176,Lenovo ThinkPad P15s Gen 1,14333,0.0
177,HP EliteBook 830 G7,15128,0.0
178,ASUS ROG Zephyrus M15 GU502LV-HC049T,15299,0.0
179,Lenovo ThinkPad X1 Nano Gen 1,16995,1.0
180,HP EliteBook 850 G7,17383,1.0
181,Lenovo ThinkPad X1 Carbon Gen 8,18480,1.0
182,Lenovo ThinkPad P15v Gen 1,20903,1.0
183,Lenovo ThinkPad P15 Gen 1,34313,2.0
184,Lenovo IdeaPad 5 14ARE05,5299,0.0
185,Dell Latitude 3410,5499,0.0
186,Lenovo ThinkBook 14 G2 ITL,5617,0.0
187,Acer Aspire 7 A715-75G-589D,6499,0.0
188,Lenovo ThinkBook 15 G2 ARE,7067,0.0
189,Lenovo ThinkPad E14 Gen 2,7354,0.0
190,Lenovo ThinkPad E15 Gen 2,7595,0.0
191,HP ProBook 635 Aero G7,7871,0.0
192,Microsoft Surface Pro,8141,0.0
193,Lenovo Legion 5 15ARH05H,8353,0.0
194,Lenovo ThinkBook 13s G2 ITL,8399,0.0
195,Lenovo Legion 5 15IMH05H - Intel Core i5 & RTX 2060,9499,0.0
196,ASUS ZenBook Flip 13 OLED UX363EA-PURE3,9995,0.0
197,Lenovo ThinkPad T15 Gen 2,11222,0.0
198,Lenovo ThinkPad L13 Yoga,11287,0.0
199,"Microsoft Surface laptop 4 13.5""",11495,0.0
200,Razer Blade Stealth 13,12995,0.0
201,Lenovo ThinkPad T14s Gen 1,13564,0.0
202,Lenovo ThinkPad X12 Detachable,13799,0.0
203,Dell Precision Mobile Workstation 3551,14526,0.0
204,"Microsoft Surface laptop 4 15""",15058,0.0
205,Lenovo ThinkPad X1 Carbon Gen 9,16567,1.0
206,HP ZBook Fury,19555,1.0
207,HP ZBook Power G7 Mobile Workstation,20878,1.0
208,Razer Blade 15 Advanced - QHD 240Hz with RTX 3080,24995,1.0
209,Lenovo ThinkPad X1 Extreme Gen 3,25819,1.0
210,Acer Chromebook Spin 511 R752TN-C63U,2732,0.0
211,Acer Swift 1 SF114-33-P28U,3299,0.0
212,Acer Aspire 5 A515-56-35SK,3899,0.0
213,Lenovo *DEMO* V14-IIL,3996,0.0
214,Lenovo IdeaPad 5 14ALC05 82LM,4475,0.0
215,Lenovo *DEMO* IdeaPad L340-15IRH Gaming,5233,0.0
216,Lenovo IdeaPad 3 17IML05,5350,0.0
217,Lenovo ThinkPad T460s - Refurbished,5800,0.0
218,HP ProBook 455 G8 - Ryzen 5 & FullHD IPS,6902,0.0
219,Lenovo Yoga Slim 7 Carbon 13ITL5,6999,0.0
220,ASUS TUF Gaming FX505DT-HN608T,7132,0.0
221,Lenovo ThinkPad X13 Gen 1,10614,0.0
222,Apple MacBook Air 2020 with Retina display Space Grey i5 8GB 512GB,11095,0.0
223,HP EliteBook 830 G8,11145,0.0
224,Microsoft Surface Laptop 3 Black i7 16GB 256GB,11501,0.0
225,Lenovo ThinkPad P15v Gen 1,13918,0.0
226,Lenovo ThinkPad T14s Gen 1,14004,0.0
227,Lenovo ThinkPad X13 Yoga Gen 1,15890,0.0
228,Acer Predator Helios 700 PH717-72-716P,19499,1.0
229,Lenovo ThinkPad P17 Gen 1,21915,1.0
230,Dell XPS 17 9700,27495,1.0
231,ASUS ROG Zephyrus S17 GX701LXS-HG032T,28512,1.0
232,HP Chromebook 14 G6,2934,0.0
233,Lenovo 10e Chromebook Tablet,3224,0.0
234,Acer Spin 1 SP111-34N-C7T0 - 4 GB RAM & 64 GB SSD,3299,0.0
235,Lenovo ThinkPad X260 Refurbished,4299,0.0
236,Acer *DEMO* Aspire 7 A715-75G-5930 -Quad Core i5 & Nvidia GTX grafikkort,5714,0.0
237,Lenovo ThinkPad L14 Gen 1,6397,0.0
238,Lenovo IdeaPad 5 Pro 16ACH6,6720,0.0
239,Acer Aspire 7 A715-41G-R62L,6799,0.0
240,Lenovo ThinkPad L15 Gen 1,7295,0.0
241,ASUS VivoBook S15 S533EA-BN151T,8045,0.0
242,Microsoft Surface Pro 7 2019 Black i5 8GB 256GB,8595,0.0
243,Lenovo IdeaPad 5 Pro 16ACH6 82L5,8671,0.0
244,Lenovo ThinkPad L13 Yoga,8799,0.0
245,"Apple MacBook Pro M1 2020 13"" M1/8/256 Silver",10622,0.0
246,Lenovo X1 Yoga 3rd Gen (20LF),11777,0.0
247,HP EliteBook 845 G7,12517,0.0
248,ASUS ROG Strix G17,13764,0.0
249,"GIGABYTE AERO 15.6"" - OLED UHD with RTX 3060",13999,0.0
250,HP EliteBook 835 G7,14374,0.0
251,Lenovo ThinkPad P15s Gen 2,15380,0.0
252,ASUS ZenBook Duo 14 UX482EG-PURE13 - Intel Core i7 & Geforce,16299,0.0
253,Lenovo ThinkPad X1 Carbon Gen 9,16974,1.0
254,HP Elite Dragonfly G2,17990,1.0
255,ASUS ROG Zephyrus GX551QM-HF004T,18299,1.0
256,Razer Blade 15 Base - FHD 144Hz with RTX 2070,18999,1.0
257,Lenovo ThinkPad X1 Carbon Gen 8,20551,1.0
258,MSI Creator 15 A10UH-096NE,28770,1.0
259,Lenovo ThinkPad P15 Gen 1,33394,2.0
260,Dell Latitude 3301,4879,0.0
261,ASUS Chromebook Flip C434TA-E10001,5132,0.0
262,Dell Vostro 5501,6549,0.0
263,ASUS VivoBook S15 S533EA-BN151T,8045,0.0
264,HP ProBook 450 G7 i5 8GB 256GB,8155,0.0
265,Acer Chromebook Spin 13 CP713-2W-54WA,8427,0.0
266,Lenovo ThinkPad L15 Gen 1,8695,0.0
267,Dell Latitude 7410,8941,0.0
268,"Microsoft Surface laptop 4 13.5""",9843,0.0
269,ASUS ZenBook 14 UX425JA-PURE4,9999,0.0
270,Dell Latitude 5410,11017,0.0
271,Dell XPS 15 7590 - Intel Hexa Core i7 & 4K OLED,12999,0.0
272,Lenovo ThinkPad P14s Gen 2,14973,0.0
273,HP EliteBook 850 G8,15613,0.0
274,Razer Blade 15 Base - QHD 165 Hz with RTX 3070,18995,1.0
275,MSI GS66 10UG 288NE Stealth,19540,1.0
276,Razer Blade 15 Advanced - FHD 360 Hz with RTX 3070,21995,1.0
277,HP EliteBook x360 1030 G8,22999,1.0
278,ASUS ROG GV301QEZ-K5099T - RTX3050 Ti & Ryzen 9 5980HS,25499,1.0
279,"Microsoft SURFACE GO 2 10.5"" P/4/64",3583,0.0
280,Dell Latitude 3510,4699,0.0
281,Lenovo IdeaPad 3 15ALC6 82KU,4863,0.0
282,Dell Vostro 5401,5699,0.0
283,Lenovo ThinkBook 15 G2 ITL,6182,0.0
284,Lenovo IdeaPad 3 15ITL6 82H8,6292,0.0
285,Lenovo V17 IIL,6304,0.0
286,Samsung Galaxy Book - Intel Core i5 & GF MX450,6999,0.0
287,Lenovo ThinkPad E14 Gen 2-ARE,7106,0.0
288,Acer Swift 5 SF514-54T-57HW,7406,0.0
289,Lenovo Yoga Slim 7 Pro 14ACH5,7620,0.0
290,Acer Aspire 7 A715-42G-R3JS,7699,0.0
291,HP 470 G7,7899,0.0
292,Lenovo ThinkPad L14 Gen 2,8097,0.0
293,Lenovo Yoga Slim 7 Pro 14ITL5,9299,0.0
294,ASUS *DEMO* ROG Zephyrus G14 GA401IU-HE094T AniMe Matrix,9575,0.0
295,HP ProBook 455 G8 Ryzen 7 5800U 16GB 512GB,10448,0.0
296,Lenovo Legion 5 Pro 16ACH6H Ryzen 5 5600H 8GB 512GB RTX 3060,10499,0.0
297,Lenovo ThinkPad T14 Gen 1,11199,0.0
298,Razer Blade 15 - FHD 120Hz with GTX 1660Ti,12490,0.0
299,"Apple MacBook Pro M1 2020 13"" M1/16/256 Space Grey",12806,0.0
300,Lenovo Yoga C940-15IRH,12999,0.0
301,"Microsoft Surface laptop 4 13.5""",14344,0.0
302,Lenovo ThinkPad X1 Nano Gen 1,14809,0.0
303,Lenovo ThinkPad X1 Carbon Gen 8,15604,0.0
304,Razer Blade 15 Base (2021) - FHD 144 Hz with RTX 3070,17495,1.0
305,Lenovo ThinkPad X1 Carbon Gen 9,19067,1.0
306,MSI GS75 10SGS-042NE Stealth,21147,1.0
307,Razer Blade Pro 17,24499,1.0
308,Acer Aspire 3 A315-35-P241,3399,0.0
309,Acer Chromebook Spin 513 CP513-1H-S1R6,3705,0.0
310,Lenovo Flex 5 Chromebook 13IML05,3799,0.0
311,HP EliteBook 850 G1 / Refurbished,4421,0.0
312,ASUS *DEMO* Zenbook 14 UM433IQ-PURE1,5000,0.0
313,ASUS TUF Gaming F15 FX506IH-HN190T,5799,0.0
314,Lenovo ThinkPad L15 Gen 1,6936,0.0
315,Lenovo ThinkPad T495 20NK - Ryzen Pro Processor,6999,0.0
316,Acer Swift 3 SF314-42-R7S8,7499,0.0
317,Acer Aspire 7 A715-42G-R3JS,7699,0.0
318,Lenovo Yoga Slim 7 14ITL05,7999,0.0
319,Acer Predator Triton 300 PT315-53-75G8 - IPS 144 Hz & RTX3050Ti,9999,0.0
320,Lenovo ThinkPad X13 Gen 1,10587,0.0
321,Lenovo ThinkPad L13 Yoga Gen 2,10988,0.0
322,HP EliteBook 840 G8,12598,0.0
323,Dell Latitude 9510,12745,0.0
324,ASUS Zephyrus G15 GA502IV-AZ043T,13700,0.0
325,Dell *DEMO* XPS 15 9575 2-in-1,14133,0.0
326,Dell XPS 17 9700,14992,0.0
327,Lenovo ThinkPad T15p Gen 1,15699,0.0
328,MSI GP76 10UG 050NE Leopard - RTX 3070 & Intel Core i7,16813,1.0
329,HP ZBook Firefly 14 G8 Mobile Workstation,18124,1.0
330,ASUS ProArt StudioBook 15 H500GV-HC009R,18967,1.0
331,"Dell XPS 13 9300 - Core i7 & 13.4"" WQUXGA Touchskærm",20102,1.0
332,Acer Chromebook 315 CB315-2H-48FN,2128,0.0
333,"Microsoft Surface laptop 4 15""",21625,1.0
334,Razer Blade Pro 17,24499,1.0
335,Acer Chromebook Spin 511 R752T-C5NK,2994,0.0
336,Lenovo 14e Chromebook,3603,0.0
337,Lenovo V14-ADA,4229,0.0
338,ASUS VivoBook 14 TM420IA-EC071T,5799,0.0
339,Lenovo IdeaPad Flex 5 14ALC05 - Ryzen 5 & 512GB SSD,5824,0.0
340,Microsoft Surface Go 2,5864,0.0
341,ASUS ExpertBook P1410CJA-EK162R,5994,0.0
342,Lenovo IdeaPad 3 15ARE05 81W4,6136,0.0
343,Lenovo Yoga Slim 7 15ITL05,6999,0.0
344,MSI GF65 10SER 451NE Thin,9241,0.0
345,HP ProBook 440 G7 i7 8GB 256GB,10094,0.0
346,ASUS ROG Strix G15 G512LV-HN238T,10243,0.0
347,Lenovo ThinkPad T15 Gen 1,12258,0.0
348,"Apple MacBook Pro M1 2020 13"" M1/8/512 Silver",12322,0.0
349,Lenovo ThinkPad T14s Gen 1,12461,0.0
350,HP EliteBook 840 G8,12598,0.0
351,HP EliteBook 840 G7,13720,0.0
352,HP EliteBook 850 G8,13980,0.0
353,"GIGABYTE AERO 17.3"" - FHD 300Hz with RTX 3060P",14577,0.0
354,HP ZBook Power G7 Mobile Workstation,15739,0.0
355,Microsoft Surface Pro 7,16298,0.0
356,Lenovo ThinkPad P15s Gen 2,16938,1.0
357,Dell Precision Mobile Workstation 5550,19829,1.0
358,Razer Blade Pro 17 - QHD 165 Hz with RTX 3070,21995,1.0
359,HP ZBook Fury 15 G7 Mobile Workstation,22729,1.0
360,ASUS GX701LWS-EV076T,23990,1.0
361,HP Elite Dragonfly G2,24969,1.0
362,Dell Precision Mobile Workstation 7750,25555,1.0
363,ASUS VivoBook S15 S533EA-BN102T,6171,0.0
364,Acer Chromebook Spin 713 CP713-2W-30MC,6411,0.0
365,Lenovo ThinkBook 14-IIL,7490,0.0
366,MSI GF63 9SC-234NE Thin,7639,0.0
367,HP ProBook 450 G8,8343,0.0
368,Lenovo ThinkPad L13 Yoga Gen 2,9574,0.0
369,Dell Latitude 9510,10183,0.0
370,Fujitsu LIFEBOOK U9310,10876,0.0
371,Lenovo ThinkPad P14s Gen 1,13072,0.0
372,HP ZBook Power G7 Mobile Workstation,14996,0.0
373,HP ZBook Firefly 15 G8 Mobile Workstation,15739,0.0
374,"GIGABYTE AORUS 15.6"" 300Hz RTX 2070S",16999,1.0
375,Lenovo ThinkPad P15v Gen 1,17999,1.0
376,Razer Blade Pro 17 - QHD 165 Hz with RTX 3060,19995,1.0
377,Dell Precision Mobile Workstation 5550,23297,1.0
378,Dell XPS 15 9500,24712,1.0
379,Samsung Chromebook 4,2555,0.0
380,Dell Precision Mobile Workstation 7550,27633,1.0
381,Lenovo ThinkPad P1 (2nd Gen),28517,1.0
382,Lenovo ThinkPad P1 (3rd Gen),34031,2.0
383,ASUS ProArt StudioBook Pro X W730G5T-H8103R,43566,3.0
384,HP 240 G8,4454,0.0
385,Lenovo IdeaPad 3 14ADA05,4621,0.0
386,ASUS ExpertBook P1510CJ- EJ313R,5538,0.0
387,ASUS TUF FX506LH-HN004T GTX1650 & 144 Hz,5999,0.0
388,Acer Swift 3 SF313-53-56R1 - 16 GB RAM & 512 GB SSD,6999,0.0
389,HP ProBook 455 G8 Ryzen 5 5600U 16GB 512GB,7024,0.0
390,Acer TravelMate P2 TMP215-52G-74JT,7165,0.0
391,Lenovo ThinkPad L14 Gen 1,7984,0.0
392,Lenovo ThinkPad T490s i7 8GB 256GB,9416,0.0
393,"GIGABYTE G5 15.6"" - FHD 240Hz with RTX 3060P",10802,0.0
394,Lenovo ThinkPad X13 Gen1 20UF R5 PRO 4650U 16GB 256GB,10990,0.0
395,HP EliteBook 855 G7,11180,0.0
396,"Apple MacBook Pro 2020 13"" Silver i5 8GB 256GB",11313,0.0
397,HP ProBook x360 435 G8,11883,0.0
398,HP EliteBook 845 G7,12424,0.0
399,Lenovo ThinkPad T14 Gen 1,12559,0.0
400,Lenovo ThinkPad T14s Gen 2,13291,0.0
401,Lenovo ThinkPad X1 Carbon Gen 8,13963,0.0
402,HP EliteBook x360 830 G8,14226,0.0
403,"Apple MacBook Pro 2020 13"" with Touch Bar Silver i5 16GB 512GB",15155,0.0
404,Acer Nitro 5 AN517-41-R5HK,16499,1.0
405,Lenovo ThinkPad P15 Gen 1,21904,1.0
406,Lenovo 100e Chromebook (2nd Gen) AST,2354,0.0
407,Acer Chromebook 311,2606,0.0
408,ASUS VivoBook 14,3761,0.0
409,Acer Aspire 3 A317-32-P4Z6,3769,0.0
410,Lenovo IdeaPad Flex 5 14ARE05,5084,0.0
411,Lenovo ThinkBook 13s-IWL,5899,0.0
412,Lenovo ThinkBook 13s G2 ITL,6990,0.0
413,Microsoft Surface Go 2,7301,0.0
414,HP ProBook 430 G7,8395,0.0
415,ASUS ROG STRIX G713QC-HX011T IPS 144 Hz & RTX 3050,8469,0.0
416,HP ProBook 650 G8,8634,0.0
417,Lenovo ThinkPad X1 Carbon (7th Gen),10369,0.0
418,ASUS ExpertBook B9450FA-BM0521R,10528,0.0
419,HP EliteBook 830 G7,10757,0.0
420,Lenovo ThinkPad X13 Gen1 20UF R5 PRO 4650U 16GB 256GB,10990,0.0
421,"Microsoft Surface laptop 4 13.5""",11625,0.0
422,Acer Nitro 5 AN517-41-R69J,11999,0.0
423,Dell Latitude 7400 2-in-1,12138,0.0
424,ASUS TUF Gaming Dash F15 RTX 3070 & 144 Hz,12269,0.0
425,Lenovo Legion Y740-15ICHg,12370,0.0
426,HP EliteBook 840 G8,12746,0.0
427,Lenovo ThinkPad T14s Gen 2,14198,0.0
428,Dell XPS 15 9500,17392,1.0
429,Dell Chromebook 3100,2483,0.0
430,Acer Chromebook 13 CB713-1W-31HK,3399,0.0
431,Lenovo IdeaPad 5 14ARE05,5473,0.0
432,Dell Latitude 3510,5616,0.0
433,Lenovo IdeaPad Gaming 3-15IMH,6587,0.0
434,ASUS TUF Gaming FX505GT BQ018T,6696,0.0
435,Samsung Galaxy Book LTE - Intel Core i5 & 256 GB SSD,6799,0.0
436,ASUS Chromebook Flip C434TA-E10008,6834,0.0
437,HP ProBook 430 G8,6853,0.0
438,Lenovo ThinkBook 14s Yoga ITL,8773,0.0
439,"Apple MacBook Air M1 2020 13"" M1/8/512 Gold",9999,0.0
440,HP EliteBook 850 G8,10699,0.0
441,Lenovo ThinkPad T14 Gen 1,11147,0.0
442,"Microsoft Surface laptop 4 13.5""",11606,0.0
443,Acer Nitro 5 AN517-41-R69J,11999,0.0
444,Lenovo ThinkPad X13 Gen 1,12152,0.0
445,ASUS TUF Gaming A17 FX706IU-H7250T,12718,0.0
446,"Microsoft Surface laptop 4 15""",14343,0.0
447,Razer *DEMO* Blade 15 Base - 4K OLED with RTX 2070,15714,0.0
448,Lenovo ThinkPad P14s Gen 2,16894,1.0
449,ASUS ROG Zephyrus G14 GA401IV-HA035R,17352,1.0
450,Acer Chromebook 311 C733-C9CU,2545,0.0
451,HP ZBook Fury 15 G7 Mobile Workstation,28005,1.0
452,Dell Chromebook 3100,2970,0.0
453,Samsung Chromebook 4+,3320,0.0
454,Microsoft Surface Go 2,4232,0.0
455,Acer Aspire 5 A517-52-35BC,4599,0.0
456,Acer Chromebook Enterprise Spin 513 CP513-1HL-S48R,4828,0.0
457,HP ProBook 445 G7 Ryzen 3 8GB 256GB,6390,0.0
458,Lenovo ThinkPad L14 Gen 1,6915,0.0
459,MSI Modern 15 A10M-049NE robust bærbar med Core i5 & 512 GB SSD,6929,0.0
460,Dell Precision Mobile Workstation 3550,8252,0.0
461,Dell Latitude 5400,8486,0.0
462,Acer *DEMO* Predator Triton 500 PT515-51-55NF,9285,0.0
463,HP ProBook 450 G8,9636,0.0
464,Lenovo Legion 5 15ACH6H 82JU,10900,0.0
465,HP ProBook x360 435 G8,11112,0.0
466,HP EliteBook 835 G7,11513,0.0
467,HP EliteBook 855 G7,13101,0.0
468,"Microsoft Surface laptop 4 15""",13134,0.0
469,Dell Latitude 9520,13680,0.0
470,HP EliteBook 850 G8,14396,0.0
471,ASUS ROG Zephyrus M15 GU502LU-AZ027T,14445,0.0
472,HP ZBook Firefly 14 G8 Mobile Workstation,15505,0.0
473,HP EliteBook x360 1030 G8,15575,0.0
474,Lenovo ThinkPad T14s Gen 1,17585,1.0
475,HP Elite Dragonfly G2,19498,1.0
476,"Microsoft Surface laptop 4 13.5""",20548,1.0
477,Lenovo ThinkPad X1 Titanium G1,20682,1.0
478,Dell Chromebook 3100,2288,0.0
479,Lenovo ThinkPad P1 (3rd Gen),23546,1.0
480,Lenovo ThinkPad P15 Gen 1,25785,1.0
481,Lenovo ThinkPad T15g Gen 1,28628,1.0
482,Lenovo IdeaPad 3 15ADA05,3211,0.0
483,Lenovo ThinkPad E15 Gen 2,6383,0.0
484,HP ProBook 445 G7 Ryzen 5 4500U (Renoir),6928,0.0
485,Lenovo Gaming 3 15IMH05,7399,0.0
486,Lenovo ThinkBook 15p-IMH,9460,0.0
487,Dell XPS 13 9365 2-in-1,10926,0.0
488,Lenovo ThinkPad T15 Gen 1,11138,0.0
489,HP EliteBook 835 G7,11513,0.0
490,Lenovo ThinkPad T15 Gen 2,11961,0.0
491,HP EliteBook 855 G7,13101,0.0
492,Lenovo ThinkPad T14 Gen 1,14100,0.0
493,HP EliteBook x360 830 G8,15356,0.0
494,HP ZBook Firefly 15 G8 Mobile Workstation,17112,1.0
495,Lenovo ThinkPad X1 Yoga Gen 5,20038,1.0
496,Lenovo ThinkPad X1 Yoga Gen 6,20562,1.0
497,HP ZBook Studio G7 Mobile Workstation,23737,1.0
498,Lenovo ThinkPad X1 Extreme Gen 3,25197,1.0
499,Acer - Nordic,2751,0.0
500,Acer Chromebook 714 CB714-1W-P69Z,2999,0.0
501,Lenovo IdeaPad 3 14ADA05,3199,0.0
502,Acer Aspire 5 A515-55-31V3,3900,0.0
503,HP ZBook Fury 15 G7 Mobile Workstation,42257,3.0
504,Lenovo IdeaPad 5 14ALC05,4992,0.0
505,Lenovo IdeaPad 5 15ALC05,5063,0.0
506,HP ProBook x360 11 G5,5257,0.0
507,Acer Swift 5 SF514-54T-508A,6775,0.0
508,HP ProBook 440 G8,7102,0.0
509,Lenovo ThinkPad X395,7999,0.0
510,Lenovo Legion 5 15IMH05H - Intel Quad Core i5 processor & Nvidia GTX 1660Ti,9199,0.0
511,Apple MacBook Air with Retina display,9421,0.0
512,Lenovo ThinkPad T14s Gen 1,13360,0.0
513,HP EliteBook x360 830 G8,14669,0.0
514,"Microsoft Surface laptop 4 13.5""",15195,0.0
515,Lenovo ThinkPad X1 Yoga Gen 5,15367,0.0
516,Apple MacBook Pro with Touch Bar,16855,1.0
517,HP ZBook Studio G7 Mobile Workstation,19221,1.0
518,Lenovo ThinkPad X1 Carbon Gen 8,19233,1.0
519,Lenovo Legion 7 15IMH05,19848,1.0
520,Dell Precision Mobile Workstation 5750,19927,1.0
521,HP Elite Dragonfly G2,20450,1.0
522,Razer Blade Pro 17 - FHD 360Hz with RTX 3080,26995,1.0
523,HP ZBook Fury 17 G7 Mobile Workstation,32354,2.0
524,Acer Chromebook 715 CB715-1W-P3KQ,3655,0.0
525,Acer ConceptD 7 Ezel Pro CC715-91P-X2SY,39900,3.0
526,MSI WT73VR 7RM 1223NE,42822,3.0
527,Acer Aspire 5 A515-45-R1FK,4299,0.0
528,"Microsoft Surface Go 2 10.5"" Pentium 8GB 128GB",4799,0.0
529,Fujitsu LIFEBOOK A3510,4960,0.0
530,Lenovo IdeaPad 5 15ALC05,5063,0.0
531,ASUS ZenBook 14 UX425EA-PURE12 - Intel Core i5,6999,0.0
532,HP ProBook 440 G8,7102,0.0
533,Dell Latitude 7300,7522,0.0
534,Fujitsu LIFEBOOK U749,7998,0.0
535,ASUS TUF Gaming F15,9241,0.0
536,Dell Latitude 5320,9491,0.0
537,Dell Latitude 5300 2-in-1,11242,0.0
538,Lenovo ThinkPad X13 Gen 1,11851,0.0
539,Lenovo ThinkPad T14s Gen 1,14207,0.0
540,HP EliteBook 840 G8,14226,0.0
541,"Microsoft Surface laptop 4 15""",14276,0.0
542,Dell Precision Mobile Workstation 3541,14729,0.0
543,HP EliteBook 845 G7,14758,0.0
544,Acer Chromebook 311 C721-211F,1821,0.0
545,Microsoft Surface Book 3,18802,1.0
546,Lenovo ThinkPad X1 Nano Gen 1,19392,1.0
547,Lenovo ThinkPad P14s Gen 1,19709,1.0
548,GIGABYTE AORUS 17G YC 8NE6450SH,20863,1.0
549,HP ZBook Create G7,22830,1.0
550,HP EliteBook x360 1040 G8,24940,1.0
551,Lenovo ThinkPad X1 Fold Gen 1,27204,1.0
552,Razer Blade 15 Advanced - UHD OLED with RTX 3080,27995,1.0
553,Acer Chromebook Spin 511 R752T-C8JP,2926,0.0
554,Acer Chromebook Spin 512,3613,0.0
555,Lenovo 300e Chromebook (2nd Gen),3812,0.0
556,HP EliteBook 840 G3 (Refurbished),4421,0.0
557,Lenovo IdeaPad Flex 5 14ARE05,5299,0.0
558,HP Mobile Thin Client mt45,64146,5.0
559,HP EliteBook 855 G7,10279,0.0
560,HP PB 650 G8 i7-1165G7 15 16GB 512GB,10652,0.0
561,Lenovo ThinkBook 14s Yoga ITL,10677,0.0
562,Acer Nitro 5 AN517-54-76UR - IPS 144 Hz & RTX 3060,11999,0.0
563,HP EliteBook 840 G8,13834,0.0
564,ASUS ExpertBook B9450FA-BM0524R,13890,0.0
565,ASUS ROG Zephyrus G14 GA401IV-HE136T,14999,0.0
566,Lenovo ThinkPad P15s Gen 1,15493,0.0
567,Dell Precision Mobile Workstation 3551,15795,0.0
568,HP EliteBook 850 G7,16303,0.0
569,ASUS ROG Zephyrus G14 GA401IV-HA112R,17995,1.0
570,ASUS *DEMO* ROG Zephyrus Duo 15 GX550LXS-HF073T,19580,1.0
571,Lenovo ThinkPad X1 Carbon Gen 8,20753,1.0
572,Dell Precision Mobile Workstation 7550,23238,1.0
573,Acer Aspire 3 A315-35-C8DE,2399,0.0
574,Lenovo ThinkPad P15 Gen 1,27534,1.0
575,HP ZBook Create G7,27990,1.0
576,Razer Blade Pro 17 - UHD 120Hz Touch with RTX 3080,29995,2.0
577,Lenovo ThinkPad P1,34209,2.0
578,Lenovo ThinkBook 14-IML,6275,0.0
579,Dell Latitude 3510,6359,0.0
580,Lenovo ThinkPad L13,8249,0.0
581,HP ProBook 430 G8,9702,0.0
582,HP ProBook 450 G7 i7 16GB 512GB,10186,0.0
583,HP EliteBook 850 G8,11636,0.0
584,HP EliteBook 830 G8,12007,0.0
585,Lenovo ThinkPad T14 Gen 1,12410,0.0
586,Lenovo ThinkPad X13 Yoga Gen 1,12973,0.0
587,HP EliteBook 840 G8,13487,0.0
588,HP EliteBook 850 G7,13660,0.0
589,Lenovo ThinkPad X13 Gen 1,15235,0.0
590,HP EliteBook 845 G7,15550,0.0
591,HP EliteBook 835 G7,18294,1.0
592,HP EliteBook 840 Aero G8,18541,1.0
593,Lenovo ThinkPad T15p Gen 1,19098,1.0
594,Acer ConceptD 7 Pro CN715-72P-73M2,19585,1.0
595,Acer ConceptD 7 Ezel Pro CC715-71P-776K,23999,1.0
596,HP ZBook Fury 17 G7 Mobile Workstation,35473,2.0
597,Lenovo ThinkPad E14 Gen 2,6383,0.0
598,Lenovo ThinkPad L15 Gen 1,6701,0.0
599,Lenovo *DEMO* Yoga Slim 7 15IIL05,7143,0.0
600,Lenovo IdeaPad 5 14ITL05 82FE,7233,0.0
601,Fujitsu LIFEBOOK U759,8008,0.0
602,HP ProBook x360 435 G7,8699,0.0
603,Microsoft Surface Pro 7,10499,0.0
604,Dell Latitude 7310,12646,0.0
605,HP EliteBook x360 830 G7,13329,0.0
606,HP EliteBook 855 G7,13644,0.0
607,Lenovo ThinkPad T14s Gen 1,13832,0.0
608,HP EliteBook x360 1040 G7,18474,1.0
609,HP EliteBook 835 G7,19955,1.0
610,HP Elite Dragonfly G2,20234,1.0
611,Acer Chromebook 311 C733T-C2LT,2485,0.0
612,Dell Precision Mobile Workstation 7550,24901,1.0
613,Acer Chromebook 315 CB315-3H-C18Y,2601,0.0
614,Acer Chromebook 311,2676,0.0
615,Acer Chromebook 314 C933-C9T6,2775,0.0
616,Acer Chromebook 314 C933-C14Z,3139,0.0
617,Lenovo ThinkPad T15g Gen 1,34263,2.0
618,Acer Chromebook 314,4653,0.0
619,ASUS VivoBook 15 M513IA-BQ675T - Ryzen 5 & 256 GB SSD,5199,0.0
620,Acer Chromebook Enterprise Spin 513 CP513-1HL-S15S,6587,0.0
621,ASUS TUF Gaming A17 FX706IH-H7067T,7074,0.0
622,Acer Nitro 5 AN515-45-R6EF,8499,0.0
623,"HP Pro c640 Chromebook - 14""",8933,0.0
624,Dell Latitude 5510,9039,0.0
625,Acer Spin 5 SP513-55N-500L,9253,0.0
626,HP ProBook 440 G8,9627,0.0
627,Lenovo ThinkPad X13 Gen 1,10935,0.0
628,HP EliteBook 840 G8,11291,0.0
629,Lenovo ThinkBook Plus IML,12242,0.0
630,Dell Precision Mobile Workstation 3551,12672,0.0
631,"Microsoft Surface laptop 4 13.5""",12816,0.0
632,Dell Latitude 7520,13174,0.0
633,HP EliteBook 855 G7,13364,0.0
634,Lenovo ThinkPad P14s Gen 1,14516,0.0
635,Lenovo ThinkPad X13 Yoga Gen 1,15451,0.0
636,Lenovo ThinkPad T14 Gen 1,15999,0.0
637,HP EliteBook x360 830 G7,16909,1.0
638,Lenovo ThinkPad X1 Carbon Gen 8,18950,1.0
639,Dell Latitude 9520 2in1,20026,1.0
640,Acer ConceptD 7 Pro CN715-72P-74AH,20366,1.0
641,HP EliteBook x360 1030 G7,22035,1.0
642,Lenovo ThinkPad P1 (3rd Gen),24558,1.0
643,Acer Aspire 3 A315-35-C3GU,2499,0.0
644,HP ZBook Fury 17 G7 Mobile Workstation,25294,1.0
645,Acer Chromebook 13 CB713-1W-32UD,3299,0.0
646,Acer Chromebook Spin 511,3553,0.0
647,"Lenovo IdeaPad 3 15ITL6 - Intel core i5 & 15.6"" IPS",5323,0.0
648,Acer Aspire 5 A517-52-52J2,5499,0.0
649,HP ProBook 640 G8,8631,0.0
650,Acer Enduro N3 EN314-51W-30W4,8660,0.0
651,Acer TravelMate Spin P4 TMP414RN-51-74AJ,10075,0.0
652,HP PB 640 G8 i7-1165G7 14 16GB/512 (ML),10847,0.0
653,HP ProBook x360 435 G7,11636,0.0
654,Lenovo ThinkPad T14 Gen 2,12495,0.0
655,Lenovo ThinkPad T14 Gen 1,12725,0.0
656,Dell Latitude 9410,13743,0.0
657,Dell XPS 13 9310 2in1,14210,0.0
658,Lenovo Yoga 9 15IMH5,15498,0.0
659,HP EliteBook 840 G8,15923,0.0
660,HP EliteBook x360 830 G7,17912,1.0
661,HP EliteBook 840 G7,18073,1.0
662,ASUS Chromebook C202XA-GJ0002,2206,0.0
663,Lenovo ThinkPad X1 Fold Gen 1,24185,1.0
664,Lenovo ThinkPad P15 Gen 1,26318,1.0
665,Lenovo 300e Chromebook (2nd Gen) AST,2999,0.0
666,HP ZBook Studio G7 Mobile Workstation,29990,2.0
667,Acer Chromebook Spin 512 R852T-C6ZJ,3160,0.0
668,Acer Chromebook Spin 512,3923,0.0
669,Acer Chromebook Spin 512 R852TN-C7K3,4079,0.0
670,Acer Chromebook Spin 513 CP513-1H,4450,0.0
671,HP Chromebook x360 11 G3,4895,0.0
672,Dell Latitude 3410,6190,0.0
673,Acer TravelMate P2 TMP214-53-56LA,6242,0.0
674,Dell Latitude 3301,6505,0.0
675,ASUS Zenbook 14 UM433IQ-PURE1,7499,0.0
676,Acer Enduro N3 EN314-51WG-54TL,10230,0.0
677,Lenovo ThinkPad T14 Gen 1,11178,0.0
678,HP ProBook 635 Aero G7,12935,0.0
679,Dell Latitude 9510,13550,0.0
680,Acer ConceptD 3 Pro CN315-72P-74HE,14114,0.0
681,Lenovo ThinkPad X13 Gen 1,14299,0.0
682,Acer Nitro 5 AN515-45-R36L,15599,0.0
683,HP EliteBook x360 830 G8,16793,1.0
684,HP EliteBook x360 1040 G8,16803,1.0
685,Acer ConceptD 3 Ezel Pro CC314-72P-76LN,17792,1.0
686,HP EliteBook x360 1030 G8,18597,1.0
687,Lenovo ThinkPad X1 Carbon (7th Gen),19570,1.0
688,Lenovo ThinkPad X1 Yoga Gen 5,19582,1.0
689,Lenovo ThinkPad P1 (3rd Gen),21121,1.0
690,HP Chromebook 11A G8,3581,0.0
691,Acer Chromebook Spin 511 R752TN-C0A2,3707,0.0
692,HP Chromebook 11 G8,3747,0.0
693,Acer TravelMate P2 TMP214-53-31Y8,5342,0.0
694,Acer Enduro T1 ET110-31W-C9XZ rugged PC/Tablet,5512,0.0
695,Acer Aspire 5 A515-45-R6NZ,5639,0.0
696,Microsoft Surface Pro 7,6533,0.0
697,HP 250 G7,7319,0.0
698,HP PB 630 G8 i5-1135G7 13 8GB/256 (ML),8856,0.0
699,Lenovo ThinkBook Plus IML,9264,0.0
700,Dell Precision Mobile Workstation 3550,10228,0.0
701,Dell Latitude 7520,10459,0.0
702,Lenovo ThinkPad X13 Yoga Gen 1,12408,0.0
703,Lenovo ThinkPad T14 Gen 1,13038,0.0
704,Acer *DEMO* Predator Helios 700 PH717-72-716P,13928,0.0
705,HP EliteBook x360 830 G7,14672,0.0
706,Acer Predator Helios 300 PH317-55-73EZ - IPS 144 Hz & RTX3070,14799,0.0
707,HP EliteBook 830 G8,15599,0.0
708,HP EliteBook 845 G7,16074,0.0
709,HP Elite c1030 Chromebook Enterprise,16091,0.0
710,HP EliteBook x360 1030 G8,16863,1.0
711,Acer ConceptD 3 Ezel Pro CC315-72P-72Y5,17793,1.0
712,Lenovo ThinkPad P1 (3rd Gen),19662,1.0
713,HP EliteBook x360 1040 G8,20082,1.0
714,Razer Blade 15 Advanced - QHD 240Hz with RTX 3070,21495,1.0
715,HP ZBook Studio G7 Mobile Workstation,25743,1.0
716,HP Chromebook 11 G8,3485,0.0
717,HP Stream Pro 11 G5,4219,0.0
718,HP Chromebook 14 G6,4254,0.0
719,Acer Aspire 5 A515-44-R2SD,4910,0.0
720,Lenovo IdeaPad Flex 5 14ARE05 - Ryzen 5 & Flipdesign,5299,0.0
721,Acer Swift 3 SF314-42-R7RK - Ryzen 5 4500U & 512 GB SSD,5365,0.0
722,HP Pro c640 Chromebook,7116,0.0
723,HP PB 450 G8 i5-1135G7 15 8GB/256 (ML),8982,0.0
724,HP Elite c1030 Chromebook,10189,0.0
725,Dell Latitude 5310 2-in-1,10493,0.0
726,Lenovo ThinkPad T14s Gen 1,11586,0.0
727,ASUS ROG Zephyrus G14 GA401IU-HE094R,12962,0.0
728,Dell Latitude 7410 2-in-1,12967,0.0
729,Acer Nitro 5 AN517-54-72VL - IPS 144Hz & RTX3070,13499,0.0
730,"Microsoft Surface laptop 4 13.5""",13834,0.0
731,Lenovo ThinkPad X13 Gen 1,14081,0.0
732,HP EliteBook 830 G8,14999,0.0
733,Acer Enduro T5 ET510-51W-M8N4,15681,0.0
734,HP EliteBook 845 G7,16534,1.0
735,HP Elite c1030 Chromebook Enterprise,17064,1.0
736,HP EliteBook x360 830 G7,17561,1.0
737,Razer Blade Pro 17,20495,1.0
738,HP ZBook Fury 15 G7 Mobile Workstation,22695,1.0
739,Acer Chromebook 311 C733T-C5Y3,2309,0.0
740,Acer Chromebook Spin 512 R852T-C1A8,3077,0.0
741,Acer Chromebook Spin 513 CP513-1HL,5341,0.0
742,Acer Aspire 5 A515-56-507A,5999,0.0
743,"Microsoft Surface GO 2 10.5"" M3/8/128 LTE",6730,0.0
744,Dell Latitude 5310,7618,0.0
745,Lenovo ThinkPad L14 Gen 1,7824,0.0
746,Acer TravelMate Spin P4 TMP414RN-51-53XF,9585,0.0
747,Lenovo ThinkPad T14 Gen 1,11073,0.0
748,HP ProBook x360 435 G7,11462,0.0
749,Lenovo ThinkPad T14s Gen 1,11982,0.0
750,"GIGABYTE G7 17.3"" - FHD 144Hz with RTX 3060P",12201,0.0
751,HP EliteBook 830 G7,12730,0.0
752,HP Elite c1030 Chromebook Enterprise,13605,0.0
753,ASUS ZenBook Flip S13 OLED UX371EA-PURE14,15399,0.0
754,"GIGABYTE AERO 15.6"" - FHD 144Hz with RTX 3070Q",15619,0.0
755,Dell Latitude 9520,16675,1.0
756,HP EliteBook x360 830 G8,17356,1.0
757,HP EliteBook 835 G7,17589,1.0
758,Lenovo ThinkPad X1 Carbon (7th Gen),18289,1.0
759,HP Chromebook 11 G8,2746,0.0
760,Apple MacBook Pro with Touch Bar,27870,1.0
761,Lenovo 500e Chromebook (2nd Gen),3480,0.0
762,Acer Chromebook Spin 511 R752TN,3709,0.0
763,ASUS D415DA EK016T,4899,0.0
764,HP ProBook 430 G7,6953,0.0
765,HP Pro c645 Chromebook Enterprise,7543,0.0
766,Acer TravelMate P4 TMP414-51-54HA,7765,0.0
767,Dell Latitude 7300,7915,0.0
768,MSI GF63 9SC-074NE Thin,8332,0.0
769,Acer Enduro N3 EN314-51W-59EQ,9425,0.0
770,Dell Latitude 7310,10070,0.0
771,Acer Enduro N3 EN314-51WG-7025,12576,0.0
772,Lenovo *DEMO* Legion 7 15IMH05,12800,0.0
773,Razer Blade Stealth 13,13995,0.0
774,ASUS ProArt StudioBook W700G1T-AV046R,16085,0.0
775,HP EliteBook x360 1040 G7,16564,1.0
776,HP Elite x2 G8,19118,1.0
777,Acer Enduro N7 EN714-51W-541A,23495,1.0
778,HP ZBook Create G7,23799,1.0
779,Apple MacBook Pro with Touch Bar,29294,2.0
780,Lenovo ThinkPad P1 (3rd Gen),33520,2.0
781,Acer Aspire 3 A317-33-C1Z4 - Celeron N4500 & 4 GB RAM,3439,0.0
782,Microsoft Surface Go 2 Academic 4GB 64GB,3581,0.0
783,Lenovo IdeaPad 5 14ARE05,6027,0.0
784,Acer TravelMate P2 TMP215-53-588S,6243,0.0
785,Acer Aspire 5 A515-45-R1DK,6299,0.0
786,Lenovo IdeaPad Flex 5 14ITL05,6528,0.0
787,Microsoft Surface Pro 7,6696,0.0
788,Lenovo Yoga Slim 7 15ITL05 - Intel Core i7 & 512GB SSD,8799,0.0
789,Microsoft Surface Pro X SQ1 8GB 128GB,8807,0.0
790,Acer TravelMate P6,9111,0.0
791,Lenovo Legion 5 17ARH05H 82GN,9199,0.0
792,Lenovo *DEMO* Yoga S940-14IIL,9200,0.0
793,Lenovo Yoga Slim 7 15ITL05 - Intel Core i7 & 1TB SSD,9237,0.0
794,"GIGABYTE AORUS 15.6"" - FHD 240Hz with RTX 3060P",12499,0.0
795,Dell Latitude 7320,12965,0.0
796,"Fujitsu LIFEBOOK U729x / i5 8265U / 12.5"" / 256 SSD",13899,0.0
797,ASUS ZenBook S UX393EA PURE2,15060,0.0
798,Lenovo Display for IdeaPad S510,1533,0.0
799,HP EliteBook 845 G8,15416,0.0
800,HP EliteBook x360 1030 G7,16076,0.0
801,HP EliteBook x360 1040 G7,16076,0.0
802,HP EliteBook 840 Aero G8,16137,0.0
803,MSI GE66 10UE 053NE Raider,17250,1.0
804,Dell XPS 13 9310 2in1,18100,1.0
805,ASUS Chromebook C423NA-EB0030,2399,0.0
806,MSI GS66 10SGS-017NE Stealth,24181,1.0
807,Acer Chromebook 13 CB713-1W-P7CR,2799,0.0
808,Acer Aspire 7 A715-42G-R2QH,5799,0.0
809,HP 340S G7,5805,0.0
810,Lenovo *DEMO* ThinkBook 15p-IMH,7883,0.0
811,Lenovo Yoga S7 Pro 14IHU5 - Intel Core i5 & 512GB SSD,8371,0.0
812,Lenovo *DEMO* ThinkPad X13 Gen 1,9718,0.0
813,Lenovo Legion 5 15IMH05H,10140,0.0
814,Dell Latitude 7320,11408,0.0
815,Dell Latitude 7420,12259,0.0
816,ASUS Zephyrus GA401QE-HZ052T - IPS 144 Hz & RTX3050 Ti,12799,0.0
817,Microsoft Surface Book 3 i7 16GB 256GB,15242,0.0
818,HP EliteBook 845 G8,17189,1.0
819,Dell XPS 13 9310 2in1,18100,1.0
820,ASUS ProArt StudioBook Pro 17 W700G2T-AV067R,19040,1.0
821,Razer *DEMO* Blade 15 Advanced - 4k OLED Touch with RTX 2080S,20666,1.0
822,Acer ConceptD 7 Ezel Pro CC715-71P-769H,22999,1.0
823,ASUS ROG Zephyrus S17,27545,1.0
824,ASUS ProArt StudioBook Pro 15 W500G5T-HC004R,33900,2.0
825,HP 240 G8,3643,0.0
826,Lenovo IdeaPad Flex 5 CB 13IML05,3838,0.0
827,Lenovo IdeaPad Flex 5 14ALC05,4699,0.0
828,Acer Aspire 5 A515-56-58N1,5499,0.0
829,Lenovo IdeaPad Flex 5 14ALC05 - Ryzen 5 5500U & 512GB SSD,6569,0.0
830,Lenovo Legion 5 15ACH6H 82JU,8249,0.0
831,HP ProBook 445 G8 Ryzen 3 5400U 8GB 256GB,8649,0.0
832,Apple MacBook Air (US Layout Keyboard),8799,0.0
833,HP ProBook 455 G8 Ryzen 3 5400U 8GB 256GB,8953,0.0
834,Microsoft Surface Laptop 3 Platinum i5 8GB 128GB,8984,0.0
835,MSI Creator 15M A9SD-046NE,9506,0.0
836,ASUS Zenbook 14 UX425JA-PURE3,9799,0.0
837,Lenovo X1 Carbon i5-8365U/16GB/512NVMe/WQHD/4U/F/W10P,10495,0.0
838,ASUS ZenBook 14,10723,0.0
839,MSI Prestige 15 A10SC-003NE,11224,0.0
840,Acer Nitro 5 AN515-45-R3X5,11399,0.0
841,MSI Creator 15M A10SE-630NE,12491,0.0
842,Microsoft Surface Pro 7 2019 Platinum i7 16GB 256GB,13242,0.0
843,Acer *DEMO* Predator Triton 500 PT515-52-748T,14285,0.0
844,Acer Predator Triton 300 PT315-53-70UH - QHD 165 Hz & RTX3070,15499,0.0
845,HP EliteBook 850 G8,17105,1.0
846,Lenovo Legion 7 15IMH05,17150,1.0
847,"Microsoft SURFACE BOOK 3 13.5"" I7/16/256/GTX1650",18319,1.0
848,HP EliteBook 840 Aero G8,18899,1.0
849,Lenovo 300e Chromebook (2nd Gen),3115,0.0
850,Lenovo *DEMO* ThinkBook 13s-IWL,4720,0.0
851,"ASUS CM5500FDA-E60050 15.6"" CB R5/8/128",4895,0.0
852,HP Chromebook 14 G6,5238,0.0
853,Acer Aspire 5 A515-45-R0S9,5299,0.0
854,Lenovo IdeaPad Flex 5 14ARE05,6299,0.0
855,Microsoft Surface Laptop Go,6914,0.0
856,Acer Chromebook Spin 13 CP713-1WN-530V,8202,0.0
857,ASUS ZenBook 14 BX425JA-HM141R,8710,0.0
858,Acer Predator Triton 300 PT315-53-5243 - IPS 144 Hz & RTX3050Ti,8999,0.0
859,MSI Prestige 14 A10SC-211NE,9999,0.0
860,MSI GL63 8SE-028NE,11890,0.0
861,Microsoft Surface Laptop 3 Black i7 16GB 256GB,12206,0.0
862,Microsoft Surface Pro X,13236,0.0
863,Microsoft Surface Pro 7,13361,0.0
864,Microsoft Surface Pro 7 + LTE,13828,0.0
865,Acer Predator Triton 300 PT315-53-752Z - IPS 144 Hz & RTX3070,13999,0.0
866,HP EliteBook 830 G8,14354,0.0
867,ASUS Zenbook Flip S UX371EA PURE4,15392,0.0
868,ASUS ZenBook Pro 15 BX535LI-H2129R,15997,0.0
869,Acer Predator Helios 300 PH317-55-78FA - IPS 165 Hz & RTX3070,15999,0.0
870,Microsoft Surface Laptop 3 Black i7 16GB 512GB,16807,1.0
871,ASUS ROG Strix G17,17241,1.0
872,ASUS ExpertBook B9,17947,1.0
873,ASUS Zenbook 15,19887,1.0
874,Razer Blade Pro 17 - FHD 360Hz with RTX 3070,22995,1.0
875,Lenovo ThinkPad X1 Titanium G1,24172,1.0
876,Acer TravelMate Spin B1 B118-G2-RN-P0QT,3447,0.0
877,Microsoft Surface Go 2,4074,0.0
878,MSI Modern 14 A10RB-845NE,5214,0.0
879,Microsoft Surface Laptop Go,6182,0.0
880,Dell Vostro 5301,6195,0.0
881,Microsoft Surface Pro 7 2019 Platinum i5 8GB 128GB,7963,0.0
882,ASUS VivoBook 15 K513EA-BQ376T,8797,0.0
883,Lenovo Legion 5 15IMH05H,9711,0.0
884,MSI GF65 10SDR 810NE Thin,9996,0.0
885,ASUS ZenBook 13,10953,0.0
886,Acer TravelMate P6 TMP614-51TG-G2-7317,11244,0.0
887,Lenovo Legion 5P 15IMH05H,11708,0.0
888,Microsoft Surface Laptop 3,11772,0.0
889,Microsoft MS Srfc Pro 7+ LTE i5/8/256 Plt DK/FI/NO,12484,0.0
890,Microsoft Surface Pro i5 8GB 256GB,13091,0.0
891,ASUS ROG Zephyrus G14,13097,0.0
892,Acer Nitro 5 AN517-54-720N - IPS 165 Hz & RTX3070,14299,0.0
893,Acer Nitro 5 AN517-41-R31N,15099,0.0
894,Acer Nitro 5 AN515-45-R99W,16499,1.0
895,Acer Predator Helios 300 PH317-55-7743 - IPS 360 Hz & RTX3070,16499,1.0
896,ASUS ROG Zephyrus M15 GU502LW-HC036R,19257,1.0
897,Dell XPS 17 9700,21988,1.0
898,Microsoft Surface Book 3,32574,2.0
899,HP Chromebook x360 11 G3,3480,0.0
900,Lenovo IdeaPad Flex 5 CB 13IML05,4314,0.0
901,Lenovo IdeaPad Flex 5 14ARE05,4599,0.0
902,ASUS VivoBook 14,4935,0.0
903,Lenovo IdeaPad 5 14ALC05,5456,0.0
904,Lenovo IdeaPad 5 14ITL05,5640,0.0
905,Lenovo IdeaPad Flex 5 14ITL05 - Intel Core i5 & 512GB SSD,6136,0.0
906,Lenovo IdeaPad 5 15ALC05 82LN,6560,0.0
907,ASUS ZenBook UX410UA-GV354R,6768,0.0
908,Acer Swift 5 SF514-54-58X3 i5-1035G1 16GB 1TB,7999,0.0
909,Acer Predator Helios 300 315-51-72HT,9323,0.0
910,Microsoft Surface Pro 7 2019 Platinum i5 8GB 256GB,10302,0.0
911,MSI GF65 10SER-809NE Thin,10725,0.0
912,Microsoft Surface Laptop 3,11723,0.0
913,Acer Predator Triton 300 PT315-53-79DD - IPS 144 Hz & RTX3060,11999,0.0
914,Microsoft Surface Laptop 3 Black Ryzen 5 8GB 256GB,12600,0.0
915,Razer Book 13,16995,1.0
916,Apple MacBook Pro,17413,1.0
917,HP EliteBook 855 G8,17788,1.0
918,Lenovo ThinkPad X1 Extreme Gen 3,18686,1.0
919,Microsoft Surface Book 3,20216,1.0
920,Lenovo ThinkPad P17 Gen 1,36002,2.0
921,HP ProBook 440 G4,4034,0.0
922,Microsoft Surface Go 2 M3 4GB 64GB,4335,0.0
923,ASUS VivoBook 14,4935,0.0
924,Microsoft Surface Laptop Go,5221,0.0
925,HP *DEMO* 340S G7,5621,0.0
926,Lenovo IdeaPad Gaming 3-15IMH,6737,0.0
927,ASUS ZenBook UX410UA-GV354R,6768,0.0
928,Lenovo ThinkPad T480s / Refurbished,6832,0.0
929,ASUS VivoBook 15,7905,0.0
930,Fujitsu LIFEBOOK E5510,8803,0.0
931,ASUS ZenBook 14,8999,0.0
932,ASUS ROG Strix G15,9545,0.0
933,Acer Swift 3 SF313-53-790B - Intel Core i7 & 16 GB RAM,9800,0.0
934,Microsoft Surface Pro X,10854,0.0
935,Microsoft Surface Laptop 3 Platinum i7 16GB 256GB,12205,0.0
936,MSI Prestige 14 A10SC-093NE,12849,0.0
937,Microsoft Surface Book 3,12975,0.0
938,ASUS ROG Strix G17,15155,0.0
939,ASUS ROG Zephyrus G14,15545,0.0
940,HP ZBook Firefly 15 G8 Mobile Workstation,15618,0.0
941,HP EliteBook 855 G8,15738,0.0
942,ASUS ROG Strix G15 G512LV-HN315T,15924,0.0
943,Lenovo ThinkPad X1 Carbon Gen 9,16218,0.0
944,Fujitsu CELSIUS H7510,24926,1.0
945,ASUS Chromebook C204MA GJ0204,2522,0.0
946,Acer Chromebook Spin 11 R751TN-C9KF,2658,0.0
947,Acer Chromebook Spin 11 R751TN-C63W,2945,0.0
948,Acer Chromebook Spin 514,4321,0.0
949,HP 240 G8,5610,0.0
950,ASUS ExpertBook P5 P5440FA-BM0740R,6033,0.0
951,Microsoft Surface Go 2,6498,0.0
952,Acer Aspire 5 A515-44-R1RQ,6510,0.0
953,HP ProBook 445 G8,6902,0.0
954,Fujitsu LIFEBOOK E5510,7542,0.0
955,Acer Swift 3 SF313-52-5439 - 16 GB RAM & 512 GB SSD,7666,0.0
956,Acer Nitro 5 AN515-44-R84F,8292,0.0
957,HP ProBook 650 G8,10250,0.0
958,"GIGABYTE AORUS 15.6"" - FHD 240Hz with RTX 3060P",12366,0.0
959,Microsoft Surface Pro 7 2019 Platinum i5 16GB 256GB,12589,0.0
960,HP EliteBook 855 G8,14545,0.0
961,"Microsoft Surface Book 3 13.5"" I5/8/256",14732,0.0
962,ASUS ROG Zephyrus G14 GA401IV-HE004R,15899,0.0
963,Microsoft MS Srfc Pro 7+ i7/16/512 Plt DK/FI/NO/PT,16298,0.0
964,MSI WE62 7RJ 2018NE,17488,1.0
965,"Microsoft SURFACE BOOK 3 13.5"" I7/16/256/GTX1660T",20905,1.0
966,Microsoft Surface Book 3,25144,1.0
967,Lenovo ThinkPad P17 Gen 1,47224,4.0
968,Acer Aspire 5 A515-56-52SM,5699,0.0
969,MSI Modern 15 A10M-075NE,6264,0.0
970,Lenovo ThinkPad E14 (English Keyboard),6439,0.0
971,Acer Chromebook Spin 13 CP713-1WN-C4TJ,6513,0.0
972,Microsoft Surface Laptop Go,6533,0.0
973,Lenovo 500e Chromebook,6597,0.0
974,Acer Spin 3 SP314-54N-542L,7035,0.0
975,Lenovo ThinkPad E15 (English Keyboard),7418,0.0
976,Fujitsu LIFEBOOK E5410,7542,0.0
977,Fujitsu LIFEBOOK U7310,8036,0.0
978,MSI Bravo 17 A4DDR-056NE,9011,0.0
979,Acer Swift 3 SF313-52-7521 - 16 GB RAM & 1 TB SSD,9735,0.0
980,MSI GL73 8SC-004NE,10694,0.0
981,HP Elite c1030 Chromebook Enterprise,12526,0.0
982,Lenovo Yoga S940-14IWL,12607,0.0
983,Fujitsu LIFEBOOK U7410,15929,0.0
984,HP ZBook Firefly 14 G8 Mobile Workstation,18103,1.0
985,Lenovo Legion 7 15IMH05,19710,1.0
986,Fujitsu CELSIUS H7510,19949,1.0
987,Microsoft Surface Book 3,20999,1.0
988,HP ZBook 15 G5 Mobile Workstation,23923,1.0
989,Microsoft Surface Book,25161,1.0
990,Acer Chromebook Spin 511 R752T-C6MW,2548,0.0
991,ASUS Chromebook C204MA BU0205,2756,0.0
992,Acer ConceptD 7 Pro CN715-72P-74VS,30521,2.0
993,Lenovo 10e Chromebook Tablet,3136,0.0
994,Lenovo ThinkPad P15 Gen 1,34748,2.0
995,Dell Vostro 3400,5600,0.0
996,Lenovo ThinkPad E14 (English Keyboard),6239,0.0
997,Fujitsu Stylistic Q5010,6383,0.0
998,Acer Aspire 7 A715-42G-R8PL,6799,0.0
999,ASUS ExpertBook P2451FA-EB0091R,6994,0.0
1000,HP ProBook x360 435 G7,8732,0.0
1001,Acer Nitro 5 AN515-44-R8AR,8862,0.0
1002,Fujitsu LIFEBOOK E5510,8940,0.0
1003,Lenovo ThinkPad L14 Gen 1 (English Keyboard),9435,0.0
1004,Microsoft Surface Pro X,9487,0.0
1005,HP ProBook 630 G8,10499,0.0
1006,Microsoft Surface Laptop 3,11189,0.0
1007,Dell Latitude 7210 2-in-1,12059,0.0
1008,HP ProBook 640 G8,12695,0.0
1009,Microsoft Surface Pro X,12804,0.0
1010,Fujitsu LIFEBOOK U7410,12969,0.0
1011,"MSI - 15.6"" - Core i7 10750H - 16 GB RAM SSD",13320,0.0
1012,ASUS UX534FTC-PURE14,13423,0.0
1013,Microsoft MS Srfc Pro 7+ i7/16/256 Plt DK/FI/NO/PT,13959,0.0
1014,HP EliteBook 855 G8,16590,1.0
1015,HP ZBook Firefly 14 G8 Mobile Workstation,18103,1.0
1016,HP Chromebook 11A G8,3781,0.0
1017,HP Chromebook 14 G6,3916,0.0
1018,HP Stream Pro 11 G5,4081,0.0
1019,Acer Aspire 5 A515-56-30N2,4499,0.0
1020,HP ProBook x360 11 G7,4702,0.0
1021,Acer Chromebook Spin 514,4798,0.0
1022,Microsoft MS Surface Go2 LTE m3-8100y 8/128 COMM,6698,0.0
1023,ASUS ExpertBook P2451FA-EB0091R,6994,0.0
1024,Microsoft Surface Laptop 3 Black i5 8GB 256GB,8366,0.0
1025,Microsoft Surface Laptop Go,8841,0.0
1026,Microsoft Surface Laptop 3 Platinum i5 8GB 128GB,9310,0.0
1027,Acer Swift 5 SF514-55T-56SF,9786,0.0
1028,Fujitsu LIFEBOOK U7510,10127,0.0
1029,Fujitsu LIFEBOOK U728,10432,0.0
1030,Fujitsu LIFEBOOK E449,10985,0.0
1031,HP ProBook 630 G8,11262,0.0
1032,Microsoft Surface Laptop 3 Platinum i7 16GB 256GB,11285,0.0
1033,Microsoft Surface Pro 7,11497,0.0
1034,Microsoft Surface Laptop 3 Platinum 8GB 256GB,12665,0.0
1035,Fujitsu LIFEBOOK U7511,12718,0.0
1036,Fujitsu LIFEBOOK U9310x,13414,0.0
1037,HP EliteBook 830 G7,13495,0.0
1038,HP Mobile Thin Client mt46,14028,0.0
1039,Acer Predator Triton 300 PT315-53-77FG - QHD 165 Hz & RTX3070,14499,0.0
1040,Lenovo ThinkPad P15 Gen 1,24272,1.0
1041,HP EliteBook x360 1030 G4,27692,1.0
1042,ASUS Chromebook Flip C214MA BU0280,2989,0.0
1043,Lenovo 500e Chromebook (2nd Gen),3823,0.0
1044,HP Chromebook 14 G6,4283,0.0
1045,Acer TravelMate P2 TMP214-52-506Y,5844,0.0
1046,Dell Vostro 5502,6665,0.0
1047,Fujitsu Stylistic Q5010,7233,0.0
1048,Microsoft Surface Pro 7 2019 Platinum i3 4GB 128GB,7296,0.0
1049,Fujitsu LIFEBOOK E5410,9466,0.0
1050,Acer TravelMate X3 TMX3410-M-52M7,9558,0.0
1051,Microsoft Surface Laptop 3 Platinum i5 8GB 256GB,11786,0.0
1052,HP Mobile Thin Client mt46,11910,0.0
1053,Microsoft Surface Pro X,12599,0.0
1054,Fujitsu LIFEBOOK U938,13844,0.0
1055,Razer Book 13,13999,0.0
1056,Lenovo ThinkPad T14s Gen 2,15614,0.0
1057,Lenovo ThinkPad T15 Gen 1,15877,0.0
1058,HP EliteBook x360 830 G7,16147,0.0
1059,Fujitsu LIFEBOOK U9310,17005,1.0
1060,Fujitsu CELSIUS H7510,18216,1.0
1061,Fujitsu LIFEBOOK U9310x,19147,1.0
1062,Microsoft Surface Book 3 (English Layout Keyboard),19707,1.0
1063,Razer Blade Pro 17 - FHD 360 Hz with RTX 3060,20495,1.0
1064,"Microsoft Surface Book 3 15"" I7/16/512/GTX1660T",25030,1.0
1065,Acer ConceptD 7 Pro CN715-71P-75QQ,27999,1.0
1066,HP Chromebook 14 G6,3608,0.0
1067,Acer TravelMate Spin B1 B118-RN-P43Q,3868,0.0
1068,ASUS VivoBook 14,4788,0.0
1069,HP Stream Pro 11 G5,4928,0.0
1070,Lenovo IdeaPad Gaming 3-15IMH,6999,0.0
1071,Lenovo ThinkPad E14 (English Keyboard),7068,0.0
1072,Microsoft Surface Laptop 3 (English Layout Keyboard),9224,0.0
1073,Fujitsu LIFEBOOK U7311,10176,0.0
1074,Microsoft Surface Laptop 3 Platinum i5 8GB 256GB,10399,0.0
1075,Microsoft Surface Laptop 3 (English Layout Keyboard),10456,0.0
1076,ASUS *DEMO* ZenBook 14 UX425EA-PURE14,10869,0.0
1077,Microsoft Surface,11892,0.0
1078,Microsoft Surface Pro X,12599,0.0
1079,HP Mobile Thin Client mt46,14118,0.0
1080,Fujitsu LIFEBOOK U9310,14384,0.0
1081,Acer ConceptD 3 Pro CN314-72P-786X,14503,0.0
1082,HP EliteBook x360 1030 G7,16609,1.0
1083,Microsoft Surface Pro 7 2019 Platinum i7 16GB 512GB,16781,1.0
1084,"Microsoft SURFACE BOOK 3 13.5"" I7/32/512/GTX1650",22691,1.0
1085,Microsoft Surface Book,30590,2.0
1086,Lenovo 14e Chromebook,3812,0.0
1087,HP Chromebook 11A G8,3883,0.0
1088,ASUS M433IA-EB001T,6133,0.0
1089,MSI Modern 14 A10M-844NE,6213,0.0
1090,MSI Modern 15 A11M-025NE,7999,0.0
1091,Microsoft Surface Pro 7,8310,0.0
1092,Acer TravelMate X5 TMX514-51T-507P,8311,0.0
1093,Fujitsu LIFEBOOK E449,8861,0.0
1094,Fujitsu LIFEBOOK U7410,9786,0.0
1095,Microsoft Surface Laptop 3 Platinum i5 8GB 256GB,10015,0.0
1096,HP Mobile Thin Client mt46,10171,0.0
1097,Fujitsu LIFEBOOK U7411,10504,0.0
1098,HP ProBook 635 Aero G7,10903,0.0
1099,Fujitsu LIFEBOOK U9310,10926,0.0
1100,Microsoft Surface,11495,0.0
1101,"MSI - 15.6"" - Core i7",12456,0.0
1102,HP EliteBook 855 G8,12694,0.0
1103,Dell Latitude 7210 2-in-1,14441,0.0
1104,HP Elite c1030 Chromebook,14530,0.0
1105,HP Elite x2 G8,15440,0.0
1106,Microsoft Surface Laptop 2,18085,1.0
1107,Microsoft MS Srfc Pro 7+ i7/16/1TB Plt DK/FI/NO/PT,20156,1.0
1108,ASUS Chromebook Flip C214MA-BW0024,3224,0.0
1109,HP 240 G8,4910,0.0
1110,Microsoft Surface Go 2,5170,0.0
1111,Acer TravelMate P2 TMP215-52-59UK,5526,0.0
1112,Fujitsu Stylistic Q509,6663,0.0
1113,Lenovo ThinkPad E14 (English Keyboard),6994,0.0
1114,Lenovo *DEMO* ThinkPad E14,7928,0.0
1115,Acer Swift 3 SF313-53-549D,8618,0.0
1116,Fujitsu LIFEBOOK U7310,8990,0.0
1117,Acer *DEMO* Predator Helios 300 PH315-52-76NP,9583,0.0
1118,Microsoft Surface Laptop 3,10680,0.0
1119,HP ProBook 640 G8,10695,0.0
1120,Microsoft Surface Pro X,11074,0.0
1121,Fujitsu LIFEBOOK U9311,11359,0.0
1122,Fujitsu LIFEBOOK U7310,11621,0.0
1123,HP ProBook 650 G8,11743,0.0
1124,Microsoft Surface,11875,0.0
1125,ASUS *DEMO* ROG Zephyrus G14 GA401IV-HE013T,13083,0.0
1126,Lenovo ThinkPad X13 Gen 2,13095,0.0
1127,Dell *DEMO* XPS 17 9700,18852,1.0
1128,MSI WS63 7RK 688NE,19822,1.0
1129,HP *DEMO* Chromebook 11 G8,2289,0.0
1130,Acer TravelMate Spin B3 TMB311R-31-P06Z,4077,0.0
1131,Acer Chromebook Spin 513 CP513-1H,4102,0.0
1132,Lenovo ThinkPad E14 Gen 2,6831,0.0
1133,HP ProBook 450 G8,7276,0.0
1134,MSI Modern 14 B11M-029NE,7435,0.0
1135,Fujitsu Stylistic Q509,8306,0.0
1136,Fujitsu LIFEBOOK E5511,8847,0.0
1137,Fujitsu LIFEBOOK E5410,9513,0.0
1138,Microsoft Surface Laptop 3 (English Keyboard layout),10414,0.0
1139,Microsoft MS Srfc Pro 7+ LTE i5/8/128 Plt DK/FI/NO,10434,0.0
1140,HP ProBook x360 435 G7,11388,0.0
1141,HP ProBook 650 G8,12414,0.0
1142,Microsoft Surface Pro X,12787,0.0
1143,HP Mobile Thin Client mt46,13413,0.0
1144,Microsoft Surface Pro 7 2019 Platinum i7 16GB 512GB,13432,0.0
1145,HP ProBook 640 G8,13553,0.0
1146,Fujitsu LIFEBOOK U9310x,15413,0.0
1147,Lenovo ThinkPad X1 Yoga Gen 5,17012,1.0
1148,Razer *DEMO* Blade 15 Advanced - QHD 240Hz with RTX 3070,17913,1.0
1149,HP Elite c1030 Chromebook,20088,1.0
1150,HP Elite x2 G8,21108,1.0
1151,Lenovo Legion 7 15IMH05,22985,1.0
1152,Acer Aspire 5 A515-45-R68U,6449,0.0
1153,Lenovo IdeaPad Flex 5 CB 13IML05,6528,0.0
1154,Acer Chromebook Spin 513 CP513-1HL-S17G,6703,0.0
1155,Lenovo ThinkPad E14 (English Keyboard),7606,0.0
1156,Microsoft Surface Laptop Go med i5 og 256 GB SSD,8185,0.0
1157,Lenovo IdeaPad Gaming 3 15IMH05,8238,0.0
1158,Lenovo Legion 5 - Nvidia 3050TI - Corei5 10500H 6C - 512GB SSD,8299,0.0
1159,Dell Latitude 7420,9997,0.0
1160,Microsoft Surface Laptop 3 (English keyboard layout),10376,0.0
1161,Microsoft MS Srfc Pro 7+ i5/8/256 SC Plt DK/FI/NO,10862,0.0
1162,MSI Prestige 14Evo A11M-040NE,10999,0.0
1163,Fujitsu LIFEBOOK U7311,11363,0.0
1164,Microsoft Surface Pro X,11404,0.0
1165,Microsoft MS Srfc Pro 7+ i5/16/256 Plt DK/FI/NO/PT,12600,0.0
1166,HP ProBook 650 G8,12646,0.0
1167,Microsoft Surface Pro 7 2019 Platinum i7 16GB 512GB,13432,0.0
1168,HP ZBook Firefly 14 G8 Mobile Workstation,15505,0.0
1169,Lenovo ThinkPad P43s,17902,1.0
1170,HP Elite x2 G8,20174,1.0
1171,Microsoft MS Srfc Pro 7+ i7/32/1TB Plt DK/FI/NO/PT,23498,1.0
1172,Acer Aspire 5 A515-45-R9YY,6105,0.0
1173,Lenovo IdeaPad Flex 5 14ITL05,6499,0.0
1174,Microsoft Surface Laptop Go,6546,0.0
1175,HP ProBook 450 G8,7055,0.0
1176,Microsoft Surface Pro 7,7841,0.0
1177,Fujitsu LIFEBOOK E5510,8095,0.0
1178,Microsoft MS Srfc Pro 7+ i5/8/128 SC Plt DK/FI/NO,8967,0.0
1179,Fujitsu LIFEBOOK U7510,9150,0.0
1180,HP Mobile Thin Client mt46,9805,0.0
1181,HP ProBook 640 G8,10631,0.0
1182,Microsoft Surface Pro 7 2019 Platinum i7 16GB 256GB,10685,0.0
1183,HP ProBook x360 435 G8,10819,0.0
1184,Microsoft Surface Pro X,13168,0.0
1185,Microsoft Surface,13484,0.0
1186,Lenovo Yoga Slim 9 14ITU05,13999,0.0
1187,Razer *DEMO* Blade 15 Base - FHD 144Hz with RTX 2060,14166,0.0
1188,Microsoft Surface Book 3 (English layout keyboard),14238,0.0
1189,Microsoft Surface Book 3 (English Layout Keyboard),16551,1.0
1190,Lenovo ThinkPad P17 Gen 1,25184,1.0
1191,MSI GT76 9SG-001NE Titan,27095,1.0
1192,Apple MacBook Pro with Touch Bar,29991,2.0
1193,Acer Chromebook 314 C933T-C64C,3330,0.0
1194,Lenovo 500e Chromebook (2nd Gen),4066,0.0
1195,Acer Aspire 3 A317-33-P2XT,4416,0.0
1196,Acer *DEMO* Extensa 15 EX215-51KG-5947,4782,0.0
1197,Microsoft Surface Go 2,5651,0.0
1198,Microsoft Surface Pro 7 2019 Platinum i3 4GB 128GB,6534,0.0
1199,Lenovo ThinkPad E14 (English Keyboard),7272,0.0
1200,Lenovo ThinkPad E15 (English Keyboard),7383,0.0
1201,Fujitsu LIFEBOOK U7410,8776,0.0
1202,Microsoft Surface Laptop 3 Black i5 8GB 256GB,9645,0.0
1203,Acer Swift X SFX14-41G-R8A1,10499,0.0
1204,HP ProBook 635 Aero G8,10569,0.0
1205,Acer Swift X SFX14-41G-R4VH,10799,0.0
1206,Fujitsu LIFEBOOK U7411,11363,0.0
1207,Lenovo ThinkPad X1 Carbon Gen 8,16133,0.0
1208,Acer Predator Helios 300 PH315-53-72XG - Intel Core i7 & IPS 144 Hz,16449,1.0
1209,Lenovo IdeaPad 3 CB 11IGL05,2099,0.0
1210,ASUS GV301QH-K5233T - Ryzen 9 5980HS & 32 GB RAM,24899,1.0
1211,Acer Chromebook 315 CB315-3H-C9J4 - 4 GB RAM & 32 GB SSD,2499,0.0
1212,Lenovo IdeaPad 3 14ITL6,3749,0.0
1213,Acer *DEMO* Extensa 15 EX215-51KG-52FH,4347,0.0
1214,HP 15s-eq1074no - Ryzen 5 & 512 GB SSD,5699,0.0
1215,Lenovo IdeaPad Flex 5 14ALC05,5999,0.0
1216,Lenovo IdeaPad Flex 5 14ITL05,6499,0.0
1217,Acer *DEMO* Nitro 5 AN517-51-52LA,6818,0.0
1218,Acer Nitro 5 AN515-55-58M3 - Intel Core i5 & IPS 144 Hz,7028,0.0
1219,Lenovo *DEMO* IdeaPad Flex 5 14ARE05 - Ryzen 7 4700U & 16 GB RAM,7336,0.0
1220,Acer Nitro 5 AN515-55-59CQ - Intel Core i5 & IPS 144 Hz,8499,0.0
1221,Acer Nitro 5 AN517-52-56FT - Intel Core i5 & IPS 120 Hz,8558,0.0
1222,Acer Swift X SFX14-41G-R4UD,8999,0.0
1223,Microsoft Surface Pro 7 2019 Platinum i5 8GB 256GB,9084,0.0
1224,Acer Nitro 5 AN517-52-56KE - Intel Core i5 & IPS 120 Hz,9385,0.0
1225,Lenovo IdeaPad Creator 5 15IMH05,9876,0.0
1226,Fujitsu LIFEBOOK U7510,10173,0.0
1227,Acer Predator Helios 300 PH315-53-700Z - Intel Core i7 & RTX3060,13489,0.0
1228,Razer *DEMO* Blade 15 Base (2021) - 144hz FHD with RTX 3060,13632,0.0
1229,Lenovo IdeaPad 3 14ITL6,2999,0.0
1230,ASUS *DEMO* VivoBook 14 K413EA-AM756T - 256 GB SSD & 8 GB RAM,3636,0.0
1231,Dell *DEMO* Vostro 3590,4235,0.0
1232,HP 17-ca2006no,4379,0.0
1233,HP *DEMO* ProBook 455 G7 Ryzen 3 8GB 256GB,5454,0.0
1234,Lenovo IdeaPad 5 14ARE05,5781,0.0
1235,Lenovo *DEMO* IdeaPad Flex 5 14ARE05 - Ryzen 7 & 512GB SSD,6860,0.0
1236,Fujitsu LIFEBOOK E5510,9403,0.0
