Samsung Galaxy Book Pro 360 - Intel Core i5 & 15" AMOLED FHD,10499
Apple MacBook Pro M1 2020 13" 8 GB RAM & 256 GB SSD - Space Grey,10622
Samsung Galaxy Book Pro 360 - Intel Core i7 & 15" AMOLED FHD,11999
ASUS ROG Strix G17 G713QM-HX015T - RTX3060 & Ryzen 7 5800H,11999
Lenovo Legion 5 Pro 16ACH6H - RTX3070 & Ryzen 7 5800H,12499
MSI Summit E13 Flip Evo - Intel Core i7 1185G7 & 32 GB RAM,14546
ASUS ROG Zephyrus G14 GA401IV-HE133T - Ryzen 9 & RTX 2060,15999
ASUS VivoBook 14 K413EA-AM756T - 256 GB SSD & 8 GB RAM,3999
Lenovo IdeaPad Flex 5 14ARE05 - 8 GB RAM & 256 SSD,4490
ASUS VivoBook 14 M413IA-EB140T - Ryzen 5 & 512GB SSD,4699
Lenovo ThinkBook 15 G2 ARE - Ryzen 5 4600U & 8 GB RAM,5099
ASUS VivoBook S15 M533IA-BQ023T - Ryzen 7 & 512 GB SSD,5499
Lenovo ThinkPad E15 Gen 2 - Intel Core i5 1135G7 & 8 GB RAM,5999
Lenovo IdeaPad 5 15ARE05 - Ryzen 7 & 512GB SSD,6795
ASUS VivoBook Flip 14 TM420IA-EC070T - Ryzen 7 4700U & 16 GB RAM,6999
Lenovo ThinkPad E14 Gen 2 - Intel Core i7 1165G7 & 16 GB RAM,7249
Lenovo Legion 5 15ARH05H,7299
Lenovo ThinkBook 15 G2 ITL - Intel Core i7 1165G7 & 16 GB RAM,7452
Lenovo IdeaPad Flex 5 14ARE05 - Ryzen 7 & 512GB SSD,7499
ASUS ZenBook 14 UX425JA-PURE13 - Intel Core i7 1065G7 & 16 GB RAM,7899
Lenovo ThinkPad E15 Gen 2 - Intel Core i7 1165G7 & 16 GB RAM,7998
Lenovo Yoga Slim 7 Pro 14ACH5 - 16 GB RAM & Ryzen 7 5800H,7999
Samsung Galaxy Book Pro - Intel Core i5 & 13" AMOLED FHD,7999
Apple MacBook Air M1 2020 13" 8GB RAM & 256 GB SSD - Space Grey,8261
Samsung Galaxy Book Pro 360 - Intel Core i5 & 13" AMOLED FHD,8999
Samsung Galaxy Book Pro LTE - Intel Core i7 & 13" AMOLED FHD,11499
GIGABYTE AORUS 15G XC - 240Hz FHD with RTX 3070,13999
Lenovo ThinkPad T15 Gen 2,14102
Dell XPS 15 9500 - Intel Core i7 10750H & 4K 3840x2400,19499
Acer TravelMate B1 TMB118-M-C7W2,1999
ASUS ROG Zephyrus G15 GA503QS-HQ004R - Ryzen 9 5900HS & RTX3080,21899
Lenovo ThinkPad T440 - Refurbished - 8 GB RAM & 180 GB SSD,2399
Razer Blade 15 Advanced - FHD 360 Hz with RTX 3080,25495
Lenovo V145-15AST - 256 GB SSD & 8 GB RAM,2699
Acer Chromebook 714 CB714-1W-35AF - 64 GB SSD & 4 GB RAM,2799
ASUS Chromebook C523NA-A20025 - 64 GB SSD & 4 GB RAM,3199
ASUS VivoBook 14 M413IA-EB222T - Ryzen 5 & 512 GB SSD,4699
Lenovo IdeaPad Flex 5 14ARE05,5495
Lenovo ThinkBook 15-IIL - Intel Core i5 Quad Core & WiFi6,5699
Lenovo Yoga Slim 7 14ARE05 - Ryzen 5 4500U & 8 GB RAM,5999
Lenovo IdeaPad 5 15ARE05 - Ryzen 7 4700U & 16 GB RAM,5999
Acer Nitro 5 AN515-44-R3HK - GTX 1650 & 512 GB SSD,6299
Lenovo Yoga Slim 7 14ARE05,6999
Acer Nitro 5 AN515-44-R5GB - GTX 1650 Ti & Ryzen 7 4800H,7799
Samsung Galaxy Book - Intel Core i7 & 15" FHD LED,7999
Apple MacBook Air M1 2020 13" 8 GB RAM & 256 SSD - Gold,8264
ASUS TUF Gaming Dash F15 FX516PM-HN013T - RTX 3060 & Intel Core i5 11300H,8399
Lenovo IdeaPad Flex 5 14ARE05 - Ryzen 7 4700U & 16 GB RAM,8436
Razer Blade Stealth 13,8999
Samsung Galaxy Book Pro 360 - Intel Core i5 & 13" AMOLED FHD,9499
ASUS ZenBook 13 OLED UX325EA-PURE19,11799
Apple MacBook Pro M1 2020 13" M1/8/512 Space Grey,12322
Samsung Galaxy Book Pro 360 5G - Intel Core i7 & 13" AMOLED FHD,12999
Dell XPS 15 9500,13796
MSI GE66 10SF-042NE Raider,14499
GIGABYTE AORUS 15P XC - 240Hz FHD with RTX 3070P,15299
Apple MacBook Pro M1 2020 13" 16 GB RAM & 512 GB SSD - Space Grey,15525
Apple MacBook Pro M1 2020 13" M1/16/1TB Space Grey,16365
Acer Predator Helios 700 PH717-72-94U0,27999
Acer Swift 1 SF114-33-C9SB,2899
ASUS ROG Zephyrus Duo 15 SE GX551QS-HB109R,30499
Acer Aspire 5 A515-45-R8HZ - Ryzen 3 5300U & 512 GB SSD,4499
Lenovo ThinkBook 14 G2 ARE,5339
HP ProBook 455 G7 Notebook (15.6") AMD Ryzen 5 Windows 10 Pro,5555
Lenovo IdeaPad Gaming 3 15ARH05,5799
Lenovo ThinkPad E14,5990
HP ProBook 455 G7 Ryzen 3 8GB 256GB,5999
Lenovo ThinkPad E14 Gen 2 - Intel Core i5 1135G7 & 8 GB SSD,6234
ASUS TUF Gaming FX705DT H7243T - Ryzen 5 & 256GB SSD + 1 TB HDD,6796
Lenovo ThinkPad E15 Gen 2-ARE,6874
Lenovo Yoga Slim 7 14ARE05 - Ryzen 7 4700U & 16 GB RAM,7399
Acer Aspire 7 A715-41G-R8ZH - Ryzen 7 & Nvidia GeForce 1650 Ti,7499
Lenovo Yoga Slim 7 Carbon 13ITL5,7499
Lenovo Legion 5 15ACH6H 82JU,7999
Apple MacBook Air M1 2020 13" M1/8/256 Silver,8699
ASUS ZenBook 13 OLED UX325EA-PURE18,10399
Lenovo ThinkPad T14 Gen 2,10495
Apple MacBook Air M1 2020 13" M1/16/512 Space Grey,12133
ASUS TUF Gaming Dash F15 FX516PR-AZ019T,14499
Lenovo ThinkPad X1 Carbon Gen 8,14538
ASUS ZenBook Pro Duo UX581LV-H2002R - Core i7 & OLEd Ultra HD 4K,16699
Lenovo Legion 7 16ACHg6,16999
GIGABYTE AORUS 15G YC - 240Hz FHD with RTX 3080,17899
ASUS ROG Zephyrus S15 GX502LWS-HF048T,20995
Acer Chromebook 314 CB314-1H-C8VP - 4 GB RAM & 64 GB SSD,2187
ASUS ROG Zephyrus Duo 15 GX550LXS-HF073T,27412
Acer Aspire 3 A315-34-C9YV - 4 GB RAM & 128 GB SSD,2891
Lenovo T460 (REFURBISHED),4099
Lenovo V14-IIL,4595
Samsung Galaxy Book - Intel Core i3 & 15" FHD LED,4999
Dell Vostro 3500,5379
Lenovo IdeaPad Flex 5 14ARE05,6753
Razer *DEMO* Blade Stealth,7995
Acer Nitro 5 AN515-54-5260,8499
Lenovo ThinkPad L15 Gen 1,8706
Samsung Galaxy Book Pro - Intel Core i5 & 13" AMOLED FHD,8999
Samsung Galaxy Book Pro - Intel Core i5 & 15" AMOLED FHD,8999
Acer Predator Helios 300 PH315-52-73HY,9799
ASUS ROG Zephyrus G14 GA401IU-HE094T AniMe Matrix,9979
ASUS ZenBook Flip 13 OLED UX363EA-PURE13,9990
Lenovo Legion 5 15ACH6H 82JU,11072
Samsung Galaxy Book Pro - Intel Core i7 & 15" AMOLED FHD,11499
ASUS ROG STRIX G713QM-HX016T RTX3060 & 144 Hz,12760
HP EliteBook 850 G8,12928
Lenovo ThinkPad T14 Gen 2,13207
ASUS ROG GV301QE-K6038T - IPS 120 Hz & RTX3050 Ti,14619
ASUS ROG Zephyrus G14 GA401QM-HZ024T,14999
Microsoft Surface laptop 4 13.5",15082
Apple MacBook Pro 2020 13" with Touch Bar Space Grey i5 16GB 1TB,16855
Lenovo ThinkPad T15 Gen 2,17495
Lenovo ThinkPad X1 Carbon Gen 9,18991
ASUS ROG Strix SCAR 17 G733QR-K4008T - Ryzen 9 5900HX & RTX 3070,19199
ASUS Zephyrus GU603HR-K8004T RTX 3070 & Core i9 11900H Rocket Lake,20119
Dell XPS 17 9700,21677
Lenovo ThinkPad L480 / Refurbished,3149
Lenovo IdeaPad 3 17IML05,4155
Lenovo ThinkPad T470s / Refurbished,5999
Samsung Galaxy Book - Intel Core i5 & 15" FHD LED,5999
Lenovo Yoga Slim 7 14ARE05 - Ryzen 7 & 512GB SSD,6499
Lenovo ThinkPad L13 Gen 2,7600
Lenovo Yoga Slim 7 14ARE05,7999
ASUS TUF FX516PE-HN004T - IPS 144 Hz & RTX3050 Ti,7999
Acer Predator Helios 300 PH315-52-516A - Intel Quad Core i5 Processor & 144 Hz,8799
HP 470 G7,9499
Lenovo Legion 5 15ACH6H 82JU - RTX3070 & Ryzen 5 5600H,9999
Apple MacBook Air M1 2020 13" M1/8/512 Silver,10999
Lenovo Yoga S940-14IIL,11499
ASUS Zephyrus GA503QM-HQ058T IPS 144 Hz & RTX3060,13909
Razer Blade 15 Base (2021) - 144hz FHD with RTX 3060,14995
ASUS ROG Strix G17 G712LWS-EV003T,15065
Microsoft Surface laptop 4 15",15676
Microsoft Surface Laptop 4 15",15804
ASUS ZenBook Pro Duo 15 OLED UX582LR-H2002R,28499
Lenovo ThinkPad A475 - Refurbished,4290
Samsung Galaxy Book - Intel Core i5 & 15" FHD LED,6499
Acer Swift 3 SF314-42-R470,6591
Lenovo Gaming 3 15IMH05,6699
Lenovo ThinkBook 14 G2 ARE,6704
Lenovo ThinkPad E14 Gen 2,6799
Lenovo IdeaPad 3 14ITL06 82H7,7128
Lenovo ThinkPad L14 Gen 1,7490
Dell Latitude 5420,7494
Acer Nitro 5 AN515-44-R0PC - GTX 1650 TI & 16 GB,7999
ASUS TUF Gaming A15 FX506IU-HN296T,8099
Acer Predator Helios 300 PH315-52-582R,8199
Apple MacBook Air 2020 with Retina display Gold i3 8GB 256GB,8545
Lenovo Yoga Slim 7 Pro 14ITL5,8699
Samsung Galaxy Book Pro - Intel Core i5 & 15" AMOLED FHD,9499
ASUS TUF Gaming A17 FX706IU-H7209T,9499
ASUS ZenBook 14 UX425EA-PURE13,10499
Apple MacBook Air M1 2020 13" M1/8/512 Space Grey,10999
Razer Blade Stealth 13,12995
Lenovo ThinkPad T14 Gen 2,13493
HP ZBook Power G7 Mobile Workstation,13699
Apple MacBook Pro 2020 13" with Touch Bar Space Grey i5 16GB 512GB,15155
ASUS ZenBook Pro 15 OLED UX535LI-PURE3,15999
Lenovo ThinkPad P15 Gen 1,20485
Acer Chromebook 714 CB714-1W-34ET,2990
Lenovo V15-ADA - Ryzen Processor & Full HD,4222
Acer Swift 1 SF114-33-P5WF,4289
Lenovo IdeaPad 5 14ARE05,4799
Lenovo ThinkBook 14-IIL,5490
Acer Aspire 5 A515-44-R42X - Ryzen 7 4500U & 16 GB RAM,5999
Lenovo Yoga Slim 7 Pro 14ACH5 82MS,6133
Dell Latitude 3510,6199
ASUS ZenBook 14 UX425JA-PURE2,6222
Lenovo ThinkPad E495,6409
Lenovo ThinkBook 13s-IML - Intel Core i7 & 512 GB SSD,6990
Dell Latitude 5510,7415
Lenovo ThinkBook 14 G2 ITL,7599
Acer Aspire 7 A715-75G-5930 -Quad Core i5 & Nvidia GTX grafikkort,7999
Lenovo ThinkPad T15 Gen 1,9464
Acer Predator Helios 300 PH315-52-7385,9499
Lenovo ThinkBook 15p-IMH,10642
Lenovo ThinkPad T14 Gen 1,11112
ASUS ROG Strix G15 G512LW-HN068T,11499
ASUS ZenBook 14 UX425EA-PURE14,12499
Lenovo ThinkPad P15s Gen 1,14333
HP EliteBook 830 G7,15128
ASUS ROG Zephyrus M15 GU502LV-HC049T,15299
Lenovo ThinkPad X1 Nano Gen 1,16995
HP EliteBook 850 G7,17383
Lenovo ThinkPad X1 Carbon Gen 8,18480
Lenovo ThinkPad P15v Gen 1,20903
Lenovo ThinkPad P15 Gen 1,34313
Lenovo IdeaPad 5 14ARE05,5299
Dell Latitude 3410,5499
Lenovo ThinkBook 14 G2 ITL,5617
Acer Aspire 7 A715-75G-589D,6499
Lenovo ThinkBook 15 G2 ARE,7067
Lenovo ThinkPad E14 Gen 2,7354
Lenovo ThinkPad E15 Gen 2,7595
HP ProBook 635 Aero G7,7871
Microsoft Surface Pro,8141
Lenovo Legion 5 15ARH05H,8353
Lenovo ThinkBook 13s G2 ITL,8399
Lenovo Legion 5 15IMH05H - Intel Core i5 & RTX 2060,9499
ASUS ZenBook Flip 13 OLED UX363EA-PURE3,9995
Lenovo ThinkPad T15 Gen 2,11222
Lenovo ThinkPad L13 Yoga,11287
Microsoft Surface laptop 4 13.5",11495
Razer Blade Stealth 13,12995
Lenovo ThinkPad T14s Gen 1,13564
Lenovo ThinkPad X12 Detachable,13799
Dell Precision Mobile Workstation 3551,14526
Microsoft Surface laptop 4 15",15058
Lenovo ThinkPad X1 Carbon Gen 9,16567
HP ZBook Fury,19555
HP ZBook Power G7 Mobile Workstation,20878
Razer Blade 15 Advanced - QHD 240Hz with RTX 3080,24995
Lenovo ThinkPad X1 Extreme Gen 3,25819
Acer Chromebook Spin 511 R752TN-C63U,2732
Acer Swift 1 SF114-33-P28U,3299
Acer Aspire 5 A515-56-35SK,3899
Lenovo *DEMO* V14-IIL,3996
Lenovo IdeaPad 5 14ALC05 82LM,4475
Lenovo *DEMO* IdeaPad L340-15IRH Gaming,5233
Lenovo IdeaPad 3 17IML05,5350
Lenovo ThinkPad T460s - Refurbished,5800
HP ProBook 455 G8 - Ryzen 5 & FullHD IPS,6902
Lenovo Yoga Slim 7 Carbon 13ITL5,6999
ASUS TUF Gaming FX505DT-HN608T,7132
Lenovo ThinkPad X13 Gen 1,10614
Apple MacBook Air 2020 with Retina display Space Grey i5 8GB 512GB,11095
HP EliteBook 830 G8,11145
Microsoft Surface Laptop 3 Black i7 16GB 256GB,11501
Lenovo ThinkPad P15v Gen 1,13918
Lenovo ThinkPad T14s Gen 1,14004
Lenovo ThinkPad X13 Yoga Gen 1,15890
Acer Predator Helios 700 PH717-72-716P,19499
Lenovo ThinkPad P17 Gen 1,21915
Dell XPS 17 9700,27495
ASUS ROG Zephyrus S17 GX701LXS-HG032T,28512
HP Chromebook 14 G6,2934
Lenovo 10e Chromebook Tablet,3224
Acer Spin 1 SP111-34N-C7T0 - 4 GB RAM & 64 GB SSD,3299
Lenovo ThinkPad X260 Refurbished,4299
Acer *DEMO* Aspire 7 A715-75G-5930 -Quad Core i5 & Nvidia GTX grafikkort,5714
Lenovo ThinkPad L14 Gen 1,6397
Lenovo IdeaPad 5 Pro 16ACH6,6720
Acer Aspire 7 A715-41G-R62L,6799
Lenovo ThinkPad L15 Gen 1,7295
ASUS VivoBook S15 S533EA-BN151T,8045
Microsoft Surface Pro 7 2019 Black i5 8GB 256GB,8595
Lenovo IdeaPad 5 Pro 16ACH6 82L5,8671
Lenovo ThinkPad L13 Yoga,8799
Apple MacBook Pro M1 2020 13" M1/8/256 Silver,10622
Lenovo X1 Yoga 3rd Gen (20LF),11777
HP EliteBook 845 G7,12517
ASUS ROG Strix G17,13764
GIGABYTE AERO 15.6" - OLED UHD with RTX 3060,13999
HP EliteBook 835 G7,14374
Lenovo ThinkPad P15s Gen 2,15380
ASUS ZenBook Duo 14 UX482EG-PURE13 - Intel Core i7 & Geforce,16299
Lenovo ThinkPad X1 Carbon Gen 9,16974
HP Elite Dragonfly G2,17990
ASUS ROG Zephyrus GX551QM-HF004T,18299
Razer Blade 15 Base - FHD 144Hz with RTX 2070,18999
Lenovo ThinkPad X1 Carbon Gen 8,20551
MSI Creator 15 A10UH-096NE,28770
Lenovo ThinkPad P15 Gen 1,33394
Dell Latitude 3301,4879
ASUS Chromebook Flip C434TA-E10001,5132
Dell Vostro 5501,6549
ASUS VivoBook S15 S533EA-BN151T,8045
HP ProBook 450 G7 i5 8GB 256GB,8155
Acer Chromebook Spin 13 CP713-2W-54WA,8427
Lenovo ThinkPad L15 Gen 1,8695
Dell Latitude 7410,8941
Microsoft Surface laptop 4 13.5",9843
ASUS ZenBook 14 UX425JA-PURE4,9999
Dell Latitude 5410,11017
Dell XPS 15 7590 - Intel Hexa Core i7 & 4K OLED,12999
Lenovo ThinkPad P14s Gen 2,14973
HP EliteBook 850 G8,15613
Razer Blade 15 Base - QHD 165 Hz with RTX 3070,18995
MSI GS66 10UG 288NE Stealth,19540
Razer Blade 15 Advanced - FHD 360 Hz with RTX 3070,21995
HP EliteBook x360 1030 G8,22999
ASUS ROG GV301QEZ-K5099T - RTX3050 Ti & Ryzen 9 5980HS,25499
Microsoft SURFACE GO 2 10.5" P/4/64,3583
Dell Latitude 3510,4699
Lenovo IdeaPad 3 15ALC6 82KU,4863
Dell Vostro 5401,5699
Lenovo ThinkBook 15 G2 ITL,6182
Lenovo IdeaPad 3 15ITL6 82H8,6292
Lenovo V17 IIL,6304
Samsung Galaxy Book - Intel Core i5 & GF MX450,6999
Lenovo ThinkPad E14 Gen 2-ARE,7106
Acer Swift 5 SF514-54T-57HW,7406
Lenovo Yoga Slim 7 Pro 14ACH5,7620
Acer Aspire 7 A715-42G-R3JS,7699
HP 470 G7,7899
Lenovo ThinkPad L14 Gen 2,8097
Lenovo Yoga Slim 7 Pro 14ITL5,9299
ASUS *DEMO* ROG Zephyrus G14 GA401IU-HE094T AniMe Matrix,9575
HP ProBook 455 G8 Ryzen 7 5800U 16GB 512GB,10448
Lenovo Legion 5 Pro 16ACH6H Ryzen 5 5600H 8GB 512GB RTX 3060,10499
Lenovo ThinkPad T14 Gen 1,11199
Razer Blade 15 - FHD 120Hz with GTX 1660Ti,12490
Apple MacBook Pro M1 2020 13" M1/16/256 Space Grey,12806
Lenovo Yoga C940-15IRH,12999
Microsoft Surface laptop 4 13.5",14344
Lenovo ThinkPad X1 Nano Gen 1,14809
Lenovo ThinkPad X1 Carbon Gen 8,15604
Razer Blade 15 Base (2021) - FHD 144 Hz with RTX 3070,17495
Lenovo ThinkPad X1 Carbon Gen 9,19067
MSI GS75 10SGS-042NE Stealth,21147
Razer Blade Pro 17,24499
Acer Aspire 3 A315-35-P241,3399
Acer Chromebook Spin 513 CP513-1H-S1R6,3705
Lenovo Flex 5 Chromebook 13IML05,3799
HP EliteBook 850 G1 / Refurbished,4421
ASUS *DEMO* Zenbook 14 UM433IQ-PURE1,5000
ASUS TUF Gaming F15 FX506IH-HN190T,5799
Lenovo ThinkPad L15 Gen 1,6936
Lenovo ThinkPad T495 20NK - Ryzen Pro Processor,6999
Acer Swift 3 SF314-42-R7S8,7499
Acer Aspire 7 A715-42G-R3JS,7699
Lenovo Yoga Slim 7 14ITL05,7999
Acer Predator Triton 300 PT315-53-75G8 - IPS 144 Hz & RTX3050Ti,9999
Lenovo ThinkPad X13 Gen 1,10587
Lenovo ThinkPad L13 Yoga Gen 2,10988
HP EliteBook 840 G8,12598
Dell Latitude 9510,12745
ASUS Zephyrus G15 GA502IV-AZ043T,13700
Dell *DEMO* XPS 15 9575 2-in-1,14133
Dell XPS 17 9700,14992
Lenovo ThinkPad T15p Gen 1,15699
MSI GP76 10UG 050NE Leopard - RTX 3070 & Intel Core i7,16813
HP ZBook Firefly 14 G8 Mobile Workstation,18124
ASUS ProArt StudioBook 15 H500GV-HC009R,18967
Dell XPS 13 9300 - Core i7 & 13.4" WQUXGA Touchskærm,20102
Acer Chromebook 315 CB315-2H-48FN,2128
Microsoft Surface laptop 4 15",21625
Razer Blade Pro 17,24499
Acer Chromebook Spin 511 R752T-C5NK,2994
Lenovo 14e Chromebook,3603
Lenovo V14-ADA,4229
ASUS VivoBook 14 TM420IA-EC071T,5799
Lenovo IdeaPad Flex 5 14ALC05 - Ryzen 5 & 512GB SSD,5824
Microsoft Surface Go 2,5864
ASUS ExpertBook P1410CJA-EK162R,5994
Lenovo IdeaPad 3 15ARE05 81W4,6136
Lenovo Yoga Slim 7 15ITL05,6999
MSI GF65 10SER 451NE Thin,9241
HP ProBook 440 G7 i7 8GB 256GB,10094
ASUS ROG Strix G15 G512LV-HN238T,10243
Lenovo ThinkPad T15 Gen 1,12258
Apple MacBook Pro M1 2020 13" M1/8/512 Silver,12322
Lenovo ThinkPad T14s Gen 1,12461
HP EliteBook 840 G8,12598
HP EliteBook 840 G7,13720
HP EliteBook 850 G8,13980
GIGABYTE AERO 17.3" - FHD 300Hz with RTX 3060P,14577
HP ZBook Power G7 Mobile Workstation,15739
Microsoft Surface Pro 7,16298
Lenovo ThinkPad P15s Gen 2,16938
Dell Precision Mobile Workstation 5550,19829
Razer Blade Pro 17 - QHD 165 Hz with RTX 3070,21995
HP ZBook Fury 15 G7 Mobile Workstation,22729
ASUS GX701LWS-EV076T,23990
HP Elite Dragonfly G2,24969
Dell Precision Mobile Workstation 7750,25555
ASUS VivoBook S15 S533EA-BN102T,6171
Acer Chromebook Spin 713 CP713-2W-30MC,6411
Lenovo ThinkBook 14-IIL,7490
MSI GF63 9SC-234NE Thin,7639
HP ProBook 450 G8,8343
Lenovo ThinkPad L13 Yoga Gen 2,9574
Dell Latitude 9510,10183
Fujitsu LIFEBOOK U9310,10876
Lenovo ThinkPad P14s Gen 1,13072
HP ZBook Power G7 Mobile Workstation,14996
HP ZBook Firefly 15 G8 Mobile Workstation,15739
GIGABYTE AORUS 15.6" 300Hz RTX 2070S,16999
Lenovo ThinkPad P15v Gen 1,17999
Razer Blade Pro 17 - QHD 165 Hz with RTX 3060,19995
Dell Precision Mobile Workstation 5550,23297
Dell XPS 15 9500,24712
Samsung Chromebook 4,2555
Dell Precision Mobile Workstation 7550,27633
Lenovo ThinkPad P1 (2nd Gen),28517
Lenovo ThinkPad P1 (3rd Gen),34031
ASUS ProArt StudioBook Pro X W730G5T-H8103R,43566
HP 240 G8,4454
Lenovo IdeaPad 3 14ADA05,4621
ASUS ExpertBook P1510CJ- EJ313R,5538
ASUS TUF FX506LH-HN004T GTX1650 & 144 Hz,5999
Acer Swift 3 SF313-53-56R1 - 16 GB RAM & 512 GB SSD,6999
HP ProBook 455 G8 Ryzen 5 5600U 16GB 512GB,7024
Acer TravelMate P2 TMP215-52G-74JT,7165
Lenovo ThinkPad L14 Gen 1,7984
Lenovo ThinkPad T490s i7 8GB 256GB,9416
GIGABYTE G5 15.6" - FHD 240Hz with RTX 3060P,10802
Lenovo ThinkPad X13 Gen1 20UF R5 PRO 4650U 16GB 256GB,10990
HP EliteBook 855 G7,11180
Apple MacBook Pro 2020 13" Silver i5 8GB 256GB,11313
HP ProBook x360 435 G8,11883
HP EliteBook 845 G7,12424
Lenovo ThinkPad T14 Gen 1,12559
Lenovo ThinkPad T14s Gen 2,13291
Lenovo ThinkPad X1 Carbon Gen 8,13963
HP EliteBook x360 830 G8,14226
Apple MacBook Pro 2020 13" with Touch Bar Silver i5 16GB 512GB,15155
Acer Nitro 5 AN517-41-R5HK,16499
Lenovo ThinkPad P15 Gen 1,21904
Lenovo 100e Chromebook (2nd Gen) AST,2354
Acer Chromebook 311,2606
ASUS VivoBook 14,3761
Acer Aspire 3 A317-32-P4Z6,3769
Lenovo IdeaPad Flex 5 14ARE05,5084
Lenovo ThinkBook 13s-IWL,5899
Lenovo ThinkBook 13s G2 ITL,6990
Microsoft Surface Go 2,7301
HP ProBook 430 G7,8395
ASUS ROG STRIX G713QC-HX011T IPS 144 Hz & RTX 3050,8469
HP ProBook 650 G8,8634
Lenovo ThinkPad X1 Carbon (7th Gen),10369
ASUS ExpertBook B9450FA-BM0521R,10528
HP EliteBook 830 G7,10757
Lenovo ThinkPad X13 Gen1 20UF R5 PRO 4650U 16GB 256GB,10990
Microsoft Surface laptop 4 13.5",11625
Acer Nitro 5 AN517-41-R69J,11999
Dell Latitude 7400 2-in-1,12138
ASUS TUF Gaming Dash F15 RTX 3070 & 144 Hz,12269
Lenovo Legion Y740-15ICHg,12370
HP EliteBook 840 G8,12746
Lenovo ThinkPad T14s Gen 2,14198
Dell XPS 15 9500,17392
Dell Chromebook 3100,2483
Acer Chromebook 13 CB713-1W-31HK,3399
Lenovo IdeaPad 5 14ARE05,5473
Dell Latitude 3510,5616
Lenovo IdeaPad Gaming 3-15IMH,6587
ASUS TUF Gaming FX505GT BQ018T,6696
Samsung Galaxy Book LTE - Intel Core i5 & 256 GB SSD,6799
ASUS Chromebook Flip C434TA-E10008,6834
HP ProBook 430 G8,6853
Lenovo ThinkBook 14s Yoga ITL,8773
Apple MacBook Air M1 2020 13" M1/8/512 Gold,9999
HP EliteBook 850 G8,10699
Lenovo ThinkPad T14 Gen 1,11147
Microsoft Surface laptop 4 13.5",11606
Acer Nitro 5 AN517-41-R69J,11999
Lenovo ThinkPad X13 Gen 1,12152
ASUS TUF Gaming A17 FX706IU-H7250T,12718
Microsoft Surface laptop 4 15",14343
Razer *DEMO* Blade 15 Base - 4K OLED with RTX 2070,15714
Lenovo ThinkPad P14s Gen 2,16894
ASUS ROG Zephyrus G14 GA401IV-HA035R,17352
Acer Chromebook 311 C733-C9CU,2545
HP ZBook Fury 15 G7 Mobile Workstation,28005
Dell Chromebook 3100,2970
Samsung Chromebook 4+,3320
Microsoft Surface Go 2,4232
Acer Aspire 5 A517-52-35BC,4599
Acer Chromebook Enterprise Spin 513 CP513-1HL-S48R,4828
HP ProBook 445 G7 Ryzen 3 8GB 256GB,6390
Lenovo ThinkPad L14 Gen 1,6915
MSI Modern 15 A10M-049NE robust bærbar med Core i5 & 512 GB SSD,6929
Dell Precision Mobile Workstation 3550,8252
Dell Latitude 5400,8486
Acer *DEMO* Predator Triton 500 PT515-51-55NF,9285
HP ProBook 450 G8,9636
Lenovo Legion 5 15ACH6H 82JU,10900
HP ProBook x360 435 G8,11112
HP EliteBook 835 G7,11513
HP EliteBook 855 G7,13101
Microsoft Surface laptop 4 15",13134
Dell Latitude 9520,13680
HP EliteBook 850 G8,14396
ASUS ROG Zephyrus M15 GU502LU-AZ027T,14445
HP ZBook Firefly 14 G8 Mobile Workstation,15505
HP EliteBook x360 1030 G8,15575
Lenovo ThinkPad T14s Gen 1,17585
HP Elite Dragonfly G2,19498
Microsoft Surface laptop 4 13.5",20548
Lenovo ThinkPad X1 Titanium G1,20682
Dell Chromebook 3100,2288
Lenovo ThinkPad P1 (3rd Gen),23546
Lenovo ThinkPad P15 Gen 1,25785
Lenovo ThinkPad T15g Gen 1,28628
Lenovo IdeaPad 3 15ADA05,3211
Lenovo ThinkPad E15 Gen 2,6383
HP ProBook 445 G7 Ryzen 5 4500U (Renoir),6928
Lenovo Gaming 3 15IMH05,7399
Lenovo ThinkBook 15p-IMH,9460
Dell XPS 13 9365 2-in-1,10926
Lenovo ThinkPad T15 Gen 1,11138
HP EliteBook 835 G7,11513
Lenovo ThinkPad T15 Gen 2,11961
HP EliteBook 855 G7,13101
Lenovo ThinkPad T14 Gen 1,14100
HP EliteBook x360 830 G8,15356
HP ZBook Firefly 15 G8 Mobile Workstation,17112
Lenovo ThinkPad X1 Yoga Gen 5,20038
Lenovo ThinkPad X1 Yoga Gen 6,20562
HP ZBook Studio G7 Mobile Workstation,23737
Lenovo ThinkPad X1 Extreme Gen 3,25197
Acer - Nordic,2751
Acer Chromebook 714 CB714-1W-P69Z,2999
Lenovo IdeaPad 3 14ADA05,3199
Acer Aspire 5 A515-55-31V3,3900
HP ZBook Fury 15 G7 Mobile Workstation,42257
Lenovo IdeaPad 5 14ALC05,4992
Lenovo IdeaPad 5 15ALC05,5063
HP ProBook x360 11 G5,5257
Acer Swift 5 SF514-54T-508A,6775
HP ProBook 440 G8,7102
Lenovo ThinkPad X395,7999
Lenovo Legion 5 15IMH05H - Intel Quad Core i5 processor & Nvidia GTX 1660Ti,9199
Apple MacBook Air with Retina display,9421
Lenovo ThinkPad T14s Gen 1,13360
HP EliteBook x360 830 G8,14669
Microsoft Surface laptop 4 13.5",15195
Lenovo ThinkPad X1 Yoga Gen 5,15367
Apple MacBook Pro with Touch Bar,16855
HP ZBook Studio G7 Mobile Workstation,19221
Lenovo ThinkPad X1 Carbon Gen 8,19233
Lenovo Legion 7 15IMH05,19848
Dell Precision Mobile Workstation 5750,19927
HP Elite Dragonfly G2,20450
Razer Blade Pro 17 - FHD 360Hz with RTX 3080,26995
HP ZBook Fury 17 G7 Mobile Workstation,32354
Acer Chromebook 715 CB715-1W-P3KQ,3655
Acer ConceptD 7 Ezel Pro CC715-91P-X2SY,39900
MSI WT73VR 7RM 1223NE,42822
Acer Aspire 5 A515-45-R1FK,4299
Microsoft Surface Go 2 10.5" Pentium 8GB 128GB,4799
Fujitsu LIFEBOOK A3510,4960
Lenovo IdeaPad 5 15ALC05,5063
ASUS ZenBook 14 UX425EA-PURE12 - Intel Core i5,6999
HP ProBook 440 G8,7102
Dell Latitude 7300,7522
Fujitsu LIFEBOOK U749,7998
ASUS TUF Gaming F15,9241
Dell Latitude 5320,9491
Dell Latitude 5300 2-in-1,11242
Lenovo ThinkPad X13 Gen 1,11851
Lenovo ThinkPad T14s Gen 1,14207
HP EliteBook 840 G8,14226
Microsoft Surface laptop 4 15",14276
Dell Precision Mobile Workstation 3541,14729
HP EliteBook 845 G7,14758
Acer Chromebook 311 C721-211F,1821
Microsoft Surface Book 3,18802
Lenovo ThinkPad X1 Nano Gen 1,19392
Lenovo ThinkPad P14s Gen 1,19709
GIGABYTE AORUS 17G YC 8NE6450SH,20863
HP ZBook Create G7,22830
HP EliteBook x360 1040 G8,24940
Lenovo ThinkPad X1 Fold Gen 1,27204
Razer Blade 15 Advanced - UHD OLED with RTX 3080,27995
Acer Chromebook Spin 511 R752T-C8JP,2926
Acer Chromebook Spin 512,3613
Lenovo 300e Chromebook (2nd Gen),3812
HP EliteBook 840 G3 (Refurbished),4421
Lenovo IdeaPad Flex 5 14ARE05,5299
HP Mobile Thin Client mt45,64146
HP EliteBook 855 G7,10279
HP PB 650 G8 i7-1165G7 15 16GB 512GB,10652
Lenovo ThinkBook 14s Yoga ITL,10677
Acer Nitro 5 AN517-54-76UR - IPS 144 Hz & RTX 3060,11999
HP EliteBook 840 G8,13834
ASUS ExpertBook B9450FA-BM0524R,13890
ASUS ROG Zephyrus G14 GA401IV-HE136T,14999
Lenovo ThinkPad P15s Gen 1,15493
Dell Precision Mobile Workstation 3551,15795
HP EliteBook 850 G7,16303
ASUS ROG Zephyrus G14 GA401IV-HA112R,17995
ASUS *DEMO* ROG Zephyrus Duo 15 GX550LXS-HF073T,19580
Lenovo ThinkPad X1 Carbon Gen 8,20753
Dell Precision Mobile Workstation 7550,23238
Acer Aspire 3 A315-35-C8DE,2399
Lenovo ThinkPad P15 Gen 1,27534
HP ZBook Create G7,27990
Razer Blade Pro 17 - UHD 120Hz Touch with RTX 3080,29995
Lenovo ThinkPad P1,34209
Lenovo ThinkBook 14-IML,6275
Dell Latitude 3510,6359
Lenovo ThinkPad L13,8249
HP ProBook 430 G8,9702
HP ProBook 450 G7 i7 16GB 512GB,10186
HP EliteBook 850 G8,11636
HP EliteBook 830 G8,12007
Lenovo ThinkPad T14 Gen 1,12410
Lenovo ThinkPad X13 Yoga Gen 1,12973
HP EliteBook 840 G8,13487
HP EliteBook 850 G7,13660
Lenovo ThinkPad X13 Gen 1,15235
HP EliteBook 845 G7,15550
HP EliteBook 835 G7,18294
HP EliteBook 840 Aero G8,18541
Lenovo ThinkPad T15p Gen 1,19098
Acer ConceptD 7 Pro CN715-72P-73M2,19585
Acer ConceptD 7 Ezel Pro CC715-71P-776K,23999
HP ZBook Fury 17 G7 Mobile Workstation,35473
Lenovo ThinkPad E14 Gen 2,6383
Lenovo ThinkPad L15 Gen 1,6701
Lenovo *DEMO* Yoga Slim 7 15IIL05,7143
Lenovo IdeaPad 5 14ITL05 82FE,7233
Fujitsu LIFEBOOK U759,8008
HP ProBook x360 435 G7,8699
Microsoft Surface Pro 7,10499
Dell Latitude 7310,12646
HP EliteBook x360 830 G7,13329
HP EliteBook 855 G7,13644
Lenovo ThinkPad T14s Gen 1,13832
HP EliteBook x360 1040 G7,18474
HP EliteBook 835 G7,19955
HP Elite Dragonfly G2,20234
Acer Chromebook 311 C733T-C2LT,2485
Dell Precision Mobile Workstation 7550,24901
Acer Chromebook 315 CB315-3H-C18Y,2601
Acer Chromebook 311,2676
Acer Chromebook 314 C933-C9T6,2775
Acer Chromebook 314 C933-C14Z,3139
Lenovo ThinkPad T15g Gen 1,34263
Acer Chromebook 314,4653
ASUS VivoBook 15 M513IA-BQ675T - Ryzen 5 & 256 GB SSD,5199
Acer Chromebook Enterprise Spin 513 CP513-1HL-S15S,6587
ASUS TUF Gaming A17 FX706IH-H7067T,7074
Acer Nitro 5 AN515-45-R6EF,8499
HP Pro c640 Chromebook - 14",8933
Dell Latitude 5510,9039
Acer Spin 5 SP513-55N-500L,9253
HP ProBook 440 G8,9627
Lenovo ThinkPad X13 Gen 1,10935
HP EliteBook 840 G8,11291
Lenovo ThinkBook Plus IML,12242
Dell Precision Mobile Workstation 3551,12672
Microsoft Surface laptop 4 13.5",12816
Dell Latitude 7520,13174
HP EliteBook 855 G7,13364
Lenovo ThinkPad P14s Gen 1,14516
Lenovo ThinkPad X13 Yoga Gen 1,15451
Lenovo ThinkPad T14 Gen 1,15999
HP EliteBook x360 830 G7,16909
Lenovo ThinkPad X1 Carbon Gen 8,18950
Dell Latitude 9520 2in1,20026
Acer ConceptD 7 Pro CN715-72P-74AH,20366
HP EliteBook x360 1030 G7,22035
Lenovo ThinkPad P1 (3rd Gen),24558
Acer Aspire 3 A315-35-C3GU,2499
HP ZBook Fury 17 G7 Mobile Workstation,25294
Acer Chromebook 13 CB713-1W-32UD,3299
Acer Chromebook Spin 511,3553
Lenovo IdeaPad 3 15ITL6 - Intel core i5 & 15.6" IPS,5323
Acer Aspire 5 A517-52-52J2,5499
HP ProBook 640 G8,8631
Acer Enduro N3 EN314-51W-30W4,8660
Acer TravelMate Spin P4 TMP414RN-51-74AJ,10075
HP PB 640 G8 i7-1165G7 14 16GB/512 (ML),10847
HP ProBook x360 435 G7,11636
Lenovo ThinkPad T14 Gen 2,12495
Lenovo ThinkPad T14 Gen 1,12725
Dell Latitude 9410,13743
Dell XPS 13 9310 2in1,14210
Lenovo Yoga 9 15IMH5,15498
HP EliteBook 840 G8,15923
HP EliteBook x360 830 G7,17912
HP EliteBook 840 G7,18073
ASUS Chromebook C202XA-GJ0002,2206
Lenovo ThinkPad X1 Fold Gen 1,24185
Lenovo ThinkPad P15 Gen 1,26318
Lenovo 300e Chromebook (2nd Gen) AST,2999
HP ZBook Studio G7 Mobile Workstation,29990
Acer Chromebook Spin 512 R852T-C6ZJ,3160
Acer Chromebook Spin 512,3923
Acer Chromebook Spin 512 R852TN-C7K3,4079
Acer Chromebook Spin 513 CP513-1H,4450
HP Chromebook x360 11 G3,4895
Dell Latitude 3410,6190
Acer TravelMate P2 TMP214-53-56LA,6242
Dell Latitude 3301,6505
ASUS Zenbook 14 UM433IQ-PURE1,7499
Acer Enduro N3 EN314-51WG-54TL,10230
Lenovo ThinkPad T14 Gen 1,11178
HP ProBook 635 Aero G7,12935
Dell Latitude 9510,13550
Acer ConceptD 3 Pro CN315-72P-74HE,14114
Lenovo ThinkPad X13 Gen 1,14299
Acer Nitro 5 AN515-45-R36L,15599
HP EliteBook x360 830 G8,16793
HP EliteBook x360 1040 G8,16803
Acer ConceptD 3 Ezel Pro CC314-72P-76LN,17792
HP EliteBook x360 1030 G8,18597
Lenovo ThinkPad X1 Carbon (7th Gen),19570
Lenovo ThinkPad X1 Yoga Gen 5,19582
Lenovo ThinkPad P1 (3rd Gen),21121
HP Chromebook 11A G8,3581
Acer Chromebook Spin 511 R752TN-C0A2,3707
HP Chromebook 11 G8,3747
Acer TravelMate P2 TMP214-53-31Y8,5342
Acer Enduro T1 ET110-31W-C9XZ rugged PC/Tablet,5512
Acer Aspire 5 A515-45-R6NZ,5639
Microsoft Surface Pro 7,6533
HP 250 G7,7319
HP PB 630 G8 i5-1135G7 13 8GB/256 (ML),8856
Lenovo ThinkBook Plus IML,9264
Dell Precision Mobile Workstation 3550,10228
Dell Latitude 7520,10459
Lenovo ThinkPad X13 Yoga Gen 1,12408
Lenovo ThinkPad T14 Gen 1,13038
Acer *DEMO* Predator Helios 700 PH717-72-716P,13928
HP EliteBook x360 830 G7,14672
Acer Predator Helios 300 PH317-55-73EZ - IPS 144 Hz & RTX3070,14799
HP EliteBook 830 G8,15599
HP EliteBook 845 G7,16074
HP Elite c1030 Chromebook Enterprise,16091
HP EliteBook x360 1030 G8,16863
Acer ConceptD 3 Ezel Pro CC315-72P-72Y5,17793
Lenovo ThinkPad P1 (3rd Gen),19662
HP EliteBook x360 1040 G8,20082
Razer Blade 15 Advanced - QHD 240Hz with RTX 3070,21495
HP ZBook Studio G7 Mobile Workstation,25743
HP Chromebook 11 G8,3485
HP Stream Pro 11 G5,4219
HP Chromebook 14 G6,4254
Acer Aspire 5 A515-44-R2SD,4910
Lenovo IdeaPad Flex 5 14ARE05 - Ryzen 5 & Flipdesign,5299
Acer Swift 3 SF314-42-R7RK - Ryzen 5 4500U & 512 GB SSD,5365
HP Pro c640 Chromebook,7116
HP PB 450 G8 i5-1135G7 15 8GB/256 (ML),8982
HP Elite c1030 Chromebook,10189
Dell Latitude 5310 2-in-1,10493
Lenovo ThinkPad T14s Gen 1,11586
ASUS ROG Zephyrus G14 GA401IU-HE094R,12962
Dell Latitude 7410 2-in-1,12967
Acer Nitro 5 AN517-54-72VL - IPS 144Hz & RTX3070,13499
Microsoft Surface laptop 4 13.5",13834
Lenovo ThinkPad X13 Gen 1,14081
HP EliteBook 830 G8,14999
Acer Enduro T5 ET510-51W-M8N4,15681
HP EliteBook 845 G7,16534
HP Elite c1030 Chromebook Enterprise,17064
HP EliteBook x360 830 G7,17561
Razer Blade Pro 17,20495
HP ZBook Fury 15 G7 Mobile Workstation,22695
Acer Chromebook 311 C733T-C5Y3,2309
Acer Chromebook Spin 512 R852T-C1A8,3077
Acer Chromebook Spin 513 CP513-1HL,5341
Acer Aspire 5 A515-56-507A,5999
Microsoft Surface GO 2 10.5" M3/8/128 LTE,6730
Dell Latitude 5310,7618
Lenovo ThinkPad L14 Gen 1,7824
Acer TravelMate Spin P4 TMP414RN-51-53XF,9585
Lenovo ThinkPad T14 Gen 1,11073
HP ProBook x360 435 G7,11462
Lenovo ThinkPad T14s Gen 1,11982
GIGABYTE G7 17.3" - FHD 144Hz with RTX 3060P,12201
HP EliteBook 830 G7,12730
HP Elite c1030 Chromebook Enterprise,13605
ASUS ZenBook Flip S13 OLED UX371EA-PURE14,15399
GIGABYTE AERO 15.6" - FHD 144Hz with RTX 3070Q,15619
Dell Latitude 9520,16675
HP EliteBook x360 830 G8,17356
HP EliteBook 835 G7,17589
Lenovo ThinkPad X1 Carbon (7th Gen),18289
HP Chromebook 11 G8,2746
Apple MacBook Pro with Touch Bar,27870
Lenovo 500e Chromebook (2nd Gen),3480
Acer Chromebook Spin 511 R752TN,3709
ASUS D415DA EK016T,4899
HP ProBook 430 G7,6953
HP Pro c645 Chromebook Enterprise,7543
Acer TravelMate P4 TMP414-51-54HA,7765
Dell Latitude 7300,7915
MSI GF63 9SC-074NE Thin,8332
Acer Enduro N3 EN314-51W-59EQ,9425
Dell Latitude 7310,10070
Acer Enduro N3 EN314-51WG-7025,12576
Lenovo *DEMO* Legion 7 15IMH05,12800
Razer Blade Stealth 13,13995
ASUS ProArt StudioBook W700G1T-AV046R,16085
HP EliteBook x360 1040 G7,16564
HP Elite x2 G8,19118
Acer Enduro N7 EN714-51W-541A,23495
HP ZBook Create G7,23799
Apple MacBook Pro with Touch Bar,29294
Lenovo ThinkPad P1 (3rd Gen),33520
Acer Aspire 3 A317-33-C1Z4 - Celeron N4500 & 4 GB RAM,3439
Microsoft Surface Go 2 Academic 4GB 64GB,3581
Lenovo IdeaPad 5 14ARE05,6027
Acer TravelMate P2 TMP215-53-588S,6243
Acer Aspire 5 A515-45-R1DK,6299
Lenovo IdeaPad Flex 5 14ITL05,6528
Microsoft Surface Pro 7,6696
Lenovo Yoga Slim 7 15ITL05 - Intel Core i7 & 512GB SSD,8799
Microsoft Surface Pro X SQ1 8GB 128GB,8807
Acer TravelMate P6,9111
Lenovo Legion 5 17ARH05H 82GN,9199
Lenovo *DEMO* Yoga S940-14IIL,9200
Lenovo Yoga Slim 7 15ITL05 - Intel Core i7 & 1TB SSD,9237
GIGABYTE AORUS 15.6" - FHD 240Hz with RTX 3060P,12499
Dell Latitude 7320,12965
Fujitsu LIFEBOOK U729x / i5 8265U / 12.5" / 256 SSD,13899
ASUS ZenBook S UX393EA PURE2,15060
Lenovo Display for IdeaPad S510,1533
HP EliteBook 845 G8,15416
HP EliteBook x360 1030 G7,16076
HP EliteBook x360 1040 G7,16076
HP EliteBook 840 Aero G8,16137
MSI GE66 10UE 053NE Raider,17250
Dell XPS 13 9310 2in1,18100
ASUS Chromebook C423NA-EB0030,2399
MSI GS66 10SGS-017NE Stealth,24181
Acer Chromebook 13 CB713-1W-P7CR,2799
Acer Aspire 7 A715-42G-R2QH,5799
HP 340S G7,5805
Lenovo *DEMO* ThinkBook 15p-IMH,7883
Lenovo Yoga S7 Pro 14IHU5 - Intel Core i5 & 512GB SSD,8371
Lenovo *DEMO* ThinkPad X13 Gen 1,9718
Lenovo Legion 5 15IMH05H,10140
Dell Latitude 7320,11408
Dell Latitude 7420,12259
ASUS Zephyrus GA401QE-HZ052T - IPS 144 Hz & RTX3050 Ti,12799
Microsoft Surface Book 3 i7 16GB 256GB,15242
HP EliteBook 845 G8,17189
Dell XPS 13 9310 2in1,18100
ASUS ProArt StudioBook Pro 17 W700G2T-AV067R,19040
Razer *DEMO* Blade 15 Advanced - 4k OLED Touch with RTX 2080S,20666
Acer ConceptD 7 Ezel Pro CC715-71P-769H,22999
ASUS ROG Zephyrus S17,27545
ASUS ProArt StudioBook Pro 15 W500G5T-HC004R,33900
HP 240 G8,3643
Lenovo IdeaPad Flex 5 CB 13IML05,3838
Lenovo IdeaPad Flex 5 14ALC05,4699
Acer Aspire 5 A515-56-58N1,5499
Lenovo IdeaPad Flex 5 14ALC05 - Ryzen 5 5500U & 512GB SSD,6569
Lenovo Legion 5 15ACH6H 82JU,8249
HP ProBook 445 G8 Ryzen 3 5400U 8GB 256GB,8649
Apple MacBook Air (US Layout Keyboard),8799
HP ProBook 455 G8 Ryzen 3 5400U 8GB 256GB,8953
Microsoft Surface Laptop 3 Platinum i5 8GB 128GB,8984
MSI Creator 15M A9SD-046NE,9506
ASUS Zenbook 14 UX425JA-PURE3,9799
Lenovo X1 Carbon i5-8365U/16GB/512NVMe/WQHD/4U/F/W10P,10495
ASUS ZenBook 14,10723
MSI Prestige 15 A10SC-003NE,11224
Acer Nitro 5 AN515-45-R3X5,11399
MSI Creator 15M A10SE-630NE,12491
Microsoft Surface Pro 7 2019 Platinum i7 16GB 256GB,13242
Acer *DEMO* Predator Triton 500 PT515-52-748T,14285
Acer Predator Triton 300 PT315-53-70UH - QHD 165 Hz & RTX3070,15499
HP EliteBook 850 G8,17105
Lenovo Legion 7 15IMH05,17150
Microsoft SURFACE BOOK 3 13.5" I7/16/256/GTX1650,18319
HP EliteBook 840 Aero G8,18899
Wacom MobileStudio Pro,27930
Lenovo 300e Chromebook (2nd Gen),3115
Lenovo *DEMO* ThinkBook 13s-IWL,4720
ASUS CM5500FDA-E60050 15.6" CB R5/8/128,4895
HP Chromebook 14 G6,5238
Acer Aspire 5 A515-45-R0S9,5299
Lenovo IdeaPad Flex 5 14ARE05,6299
Microsoft Surface Laptop Go,6914
Acer Chromebook Spin 13 CP713-1WN-530V,8202
ASUS ZenBook 14 BX425JA-HM141R,8710
Acer Predator Triton 300 PT315-53-5243 - IPS 144 Hz & RTX3050Ti,8999
MSI Prestige 14 A10SC-211NE,9999
MSI GL63 8SE-028NE,11890
Microsoft Surface Laptop 3 Black i7 16GB 256GB,12206
Microsoft Surface Pro X,13236
Microsoft Surface Pro 7,13361
Microsoft Surface Pro 7 + LTE,13828
Acer Predator Triton 300 PT315-53-752Z - IPS 144 Hz & RTX3070,13999
HP EliteBook 830 G8,14354
ASUS Zenbook Flip S UX371EA PURE4,15392
ASUS ZenBook Pro 15 BX535LI-H2129R,15997
Acer Predator Helios 300 PH317-55-78FA - IPS 165 Hz & RTX3070,15999
Microsoft Surface Laptop 3 Black i7 16GB 512GB,16807
ASUS ROG Strix G17,17241
ASUS ExpertBook B9,17947
ASUS Zenbook 15,19887
Razer Blade Pro 17 - FHD 360Hz with RTX 3070,22995
Lenovo ThinkPad X1 Titanium G1,24172
Acer TravelMate Spin B1 B118-G2-RN-P0QT,3447
Microsoft Surface Go 2,4074
MSI Modern 14 A10RB-845NE,5214
Microsoft Surface Laptop Go,6182
Dell Vostro 5301,6195
Microsoft Surface Pro 7 2019 Platinum i5 8GB 128GB,7963
ASUS VivoBook 15 K513EA-BQ376T,8797
Lenovo Legion 5 15IMH05H,9711
MSI GF65 10SDR 810NE Thin,9996
ASUS ZenBook 13,10953
Acer TravelMate P6 TMP614-51TG-G2-7317,11244
Lenovo Legion 5P 15IMH05H,11708
Microsoft Surface Laptop 3,11772
Microsoft MS Srfc Pro 7+ LTE i5/8/256 Plt DK/FI/NO,12484
Microsoft Surface Pro i5 8GB 256GB,13091
ASUS ROG Zephyrus G14,13097
Acer Nitro 5 AN517-54-720N - IPS 165 Hz & RTX3070,14299
Acer Nitro 5 AN517-41-R31N,15099
Acer Nitro 5 AN515-45-R99W,16499
Acer Predator Helios 300 PH317-55-7743 - IPS 360 Hz & RTX3070,16499
ASUS ROG Zephyrus M15 GU502LW-HC036R,19257
Dell XPS 17 9700,21988
Microsoft Surface Book 3,32574
HP Chromebook x360 11 G3,3480
Lenovo IdeaPad Flex 5 CB 13IML05,4314
Lenovo IdeaPad Flex 5 14ARE05,4599
ASUS VivoBook 14,4935
Lenovo IdeaPad 5 14ALC05,5456
Lenovo IdeaPad 5 14ITL05,5640
Lenovo IdeaPad Flex 5 14ITL05 - Intel Core i5 & 512GB SSD,6136
Lenovo IdeaPad 5 15ALC05 82LN,6560
ASUS ZenBook UX410UA-GV354R,6768
Acer Swift 5 SF514-54-58X3 i5-1035G1 16GB 1TB,7999
Acer Predator Helios 300 315-51-72HT,9323
Microsoft Surface Pro 7 2019 Platinum i5 8GB 256GB,10302
MSI GF65 10SER-809NE Thin,10725
Microsoft Surface Laptop 3,11723
Acer Predator Triton 300 PT315-53-79DD - IPS 144 Hz & RTX3060,11999
Microsoft Surface Laptop 3 Black Ryzen 5 8GB 256GB,12600
Razer Book 13,16995
Apple MacBook Pro,17413
HP EliteBook 855 G8,17788
Lenovo ThinkPad X1 Extreme Gen 3,18686
Microsoft Surface Book 3,20216
Lenovo ThinkPad P17 Gen 1,36002
HP ProBook 440 G4,4034
Microsoft Surface Go 2 M3 4GB 64GB,4335
ASUS VivoBook 14,4935
Microsoft Surface Laptop Go,5221
HP *DEMO* 340S G7,5621
Lenovo IdeaPad Gaming 3-15IMH,6737
ASUS ZenBook UX410UA-GV354R,6768
Lenovo ThinkPad T480s / Refurbished,6832
ASUS VivoBook 15,7905
Fujitsu LIFEBOOK E5510,8803
ASUS ZenBook 14,8999
ASUS ROG Strix G15,9545
Acer Swift 3 SF313-53-790B - Intel Core i7 & 16 GB RAM,9800
Microsoft Surface Pro X,10854
Microsoft Surface Laptop 3 Platinum i7 16GB 256GB,12205
MSI Prestige 14 A10SC-093NE,12849
Microsoft Surface Book 3,12975
ASUS ROG Strix G17,15155
ASUS ROG Zephyrus G14,15545
HP ZBook Firefly 15 G8 Mobile Workstation,15618
HP EliteBook 855 G8,15738
ASUS ROG Strix G15 G512LV-HN315T,15924
Lenovo ThinkPad X1 Carbon Gen 9,16218
Fujitsu CELSIUS H7510,24926
ASUS Chromebook C204MA GJ0204,2522
Acer Chromebook Spin 11 R751TN-C9KF,2658
Acer Chromebook Spin 11 R751TN-C63W,2945
Acer Chromebook Spin 514,4321
HP 240 G8,5610
ASUS ExpertBook P5 P5440FA-BM0740R,6033
Microsoft Surface Go 2,6498
Acer Aspire 5 A515-44-R1RQ,6510
HP ProBook 445 G8,6902
Fujitsu LIFEBOOK E5510,7542
Acer Swift 3 SF313-52-5439 - 16 GB RAM & 512 GB SSD,7666
Acer Nitro 5 AN515-44-R84F,8292
HP ProBook 650 G8,10250
GIGABYTE AORUS 15.6" - FHD 240Hz with RTX 3060P,12366
Microsoft Surface Pro 7 2019 Platinum i5 16GB 256GB,12589
HP EliteBook 855 G8,14545
Microsoft Surface Book 3 13.5" I5/8/256,14732
ASUS ROG Zephyrus G14 GA401IV-HE004R,15899
Microsoft MS Srfc Pro 7+ i7/16/512 Plt DK/FI/NO/PT,16298
MSI WE62 7RJ 2018NE,17488
Microsoft SURFACE BOOK 3 13.5" I7/16/256/GTX1660T,20905
Microsoft Surface Book 3,25144
Lenovo ThinkPad P17 Gen 1,47224
Acer Aspire 5 A515-56-52SM,5699
MSI Modern 15 A10M-075NE,6264
Lenovo ThinkPad E14 (English Keyboard),6439
Acer Chromebook Spin 13 CP713-1WN-C4TJ,6513
Microsoft Surface Laptop Go,6533
Lenovo 500e Chromebook,6597
Acer Spin 3 SP314-54N-542L,7035
Lenovo ThinkPad E15 (English Keyboard),7418
Fujitsu LIFEBOOK E5410,7542
Fujitsu LIFEBOOK U7310,8036
MSI Bravo 17 A4DDR-056NE,9011
Acer Swift 3 SF313-52-7521 - 16 GB RAM & 1 TB SSD,9735
MSI GL73 8SC-004NE,10694
HP Elite c1030 Chromebook Enterprise,12526
Lenovo Yoga S940-14IWL,12607
Fujitsu LIFEBOOK U7410,15929
HP ZBook Firefly 14 G8 Mobile Workstation,18103
Lenovo Legion 7 15IMH05,19710
Fujitsu CELSIUS H7510,19949
Microsoft Surface Book 3,20999
HP ZBook 15 G5 Mobile Workstation,23923
Microsoft Surface Book,25161
Acer Chromebook Spin 511 R752T-C6MW,2548
ASUS Chromebook C204MA BU0205,2756
Acer ConceptD 7 Pro CN715-72P-74VS,30521
Lenovo 10e Chromebook Tablet,3136
Lenovo ThinkPad P15 Gen 1,34748
Dell Vostro 3400,5600
Lenovo ThinkPad E14 (English Keyboard),6239
Fujitsu Stylistic Q5010,6383
Acer Aspire 7 A715-42G-R8PL,6799
ASUS ExpertBook P2451FA-EB0091R,6994
HP ProBook x360 435 G7,8732
Acer Nitro 5 AN515-44-R8AR,8862
Fujitsu LIFEBOOK E5510,8940
Lenovo ThinkPad L14 Gen 1 (English Keyboard),9435
Microsoft Surface Pro X,9487
HP ProBook 630 G8,10499
Microsoft Surface Laptop 3,11189
Dell Latitude 7210 2-in-1,12059
HP ProBook 640 G8,12695
Microsoft Surface Pro X,12804
Fujitsu LIFEBOOK U7410,12969
MSI - 15.6" - Core i7 10750H - 16 GB RAM SSD,13320
ASUS UX534FTC-PURE14,13423
Microsoft MS Srfc Pro 7+ i7/16/256 Plt DK/FI/NO/PT,13959
HP EliteBook 855 G8,16590
HP ZBook Firefly 14 G8 Mobile Workstation,18103
HP Chromebook 11A G8,3781
HP Chromebook 14 G6,3916
HP Stream Pro 11 G5,4081
Acer Aspire 5 A515-56-30N2,4499
HP ProBook x360 11 G7,4702
Acer Chromebook Spin 514,4798
Microsoft MS Surface Go2 LTE m3-8100y 8/128 COMM,6698
ASUS ExpertBook P2451FA-EB0091R,6994
Microsoft Surface Laptop 3 Black i5 8GB 256GB,8366
Microsoft Surface Laptop Go,8841
Microsoft Surface Laptop 3 Platinum i5 8GB 128GB,9310
Acer Swift 5 SF514-55T-56SF,9786
Fujitsu LIFEBOOK U7510,10127
Fujitsu LIFEBOOK U728,10432
Fujitsu LIFEBOOK E449,10985
HP ProBook 630 G8,11262
Microsoft Surface Laptop 3 Platinum i7 16GB 256GB,11285
Microsoft Surface Pro 7,11497
Microsoft Surface Laptop 3 Platinum 8GB 256GB,12665
Fujitsu LIFEBOOK U7511,12718
Fujitsu LIFEBOOK U9310x,13414
HP EliteBook 830 G7,13495
HP Mobile Thin Client mt46,14028
Acer Predator Triton 300 PT315-53-77FG - QHD 165 Hz & RTX3070,14499
Lenovo ThinkPad P15 Gen 1,24272
HP EliteBook x360 1030 G4,27692
ASUS Chromebook Flip C214MA BU0280,2989
Lenovo 500e Chromebook (2nd Gen),3823
HP Chromebook 14 G6,4283
Acer TravelMate P2 TMP214-52-506Y,5844
Dell Vostro 5502,6665
Fujitsu Stylistic Q5010,7233
Microsoft Surface Pro 7 2019 Platinum i3 4GB 128GB,7296
Fujitsu LIFEBOOK E5410,9466
Acer TravelMate X3 TMX3410-M-52M7,9558
Microsoft Surface Laptop 3 Platinum i5 8GB 256GB,11786
HP Mobile Thin Client mt46,11910
Microsoft Surface Pro X,12599
Fujitsu LIFEBOOK U938,13844
Razer Book 13,13999
Lenovo ThinkPad T14s Gen 2,15614
Lenovo ThinkPad T15 Gen 1,15877
HP EliteBook x360 830 G7,16147
Fujitsu LIFEBOOK U9310,17005
Fujitsu CELSIUS H7510,18216
Fujitsu LIFEBOOK U9310x,19147
Microsoft Surface Book 3 (English Layout Keyboard),19707
Razer Blade Pro 17 - FHD 360 Hz with RTX 3060,20495
Microsoft Surface Book 3 15" I7/16/512/GTX1660T,25030
Acer ConceptD 7 Pro CN715-71P-75QQ,27999
HP Chromebook 14 G6,3608
Acer TravelMate Spin B1 B118-RN-P43Q,3868
ASUS VivoBook 14,4788
HP Stream Pro 11 G5,4928
Lenovo IdeaPad Gaming 3-15IMH,6999
Lenovo ThinkPad E14 (English Keyboard),7068
Microsoft Surface Laptop 3 (English Layout Keyboard),9224
Fujitsu LIFEBOOK U7311,10176
Microsoft Surface Laptop 3 Platinum i5 8GB 256GB,10399
Microsoft Surface Laptop 3 (English Layout Keyboard),10456
ASUS *DEMO* ZenBook 14 UX425EA-PURE14,10869
Microsoft Surface,11892
Microsoft Surface Pro X,12599
HP Mobile Thin Client mt46,14118
Fujitsu LIFEBOOK U9310,14384
Acer ConceptD 3 Pro CN314-72P-786X,14503
HP EliteBook x360 1030 G7,16609
Microsoft Surface Pro 7 2019 Platinum i7 16GB 512GB,16781
Microsoft SURFACE BOOK 3 13.5" I7/32/512/GTX1650,22691
Microsoft Surface Book,30590
Lenovo 14e Chromebook,3812
HP Chromebook 11A G8,3883
ASUS M433IA-EB001T,6133
MSI Modern 14 A10M-844NE,6213
MSI Modern 15 A11M-025NE,7999
Microsoft Surface Pro 7,8310
Acer TravelMate X5 TMX514-51T-507P,8311
Fujitsu LIFEBOOK E449,8861
Fujitsu LIFEBOOK U7410,9786
Microsoft Surface Laptop 3 Platinum i5 8GB 256GB,10015
HP Mobile Thin Client mt46,10171
Fujitsu LIFEBOOK U7411,10504
HP ProBook 635 Aero G7,10903
Fujitsu LIFEBOOK U9310,10926
Microsoft Surface,11495
MSI - 15.6" - Core i7,12456
HP EliteBook 855 G8,12694
Dell Latitude 7210 2-in-1,14441
HP Elite c1030 Chromebook,14530
HP Elite x2 G8,15440
Microsoft Surface Laptop 2,18085
Microsoft MS Srfc Pro 7+ i7/16/1TB Plt DK/FI/NO/PT,20156
ASUS Chromebook Flip C214MA-BW0024,3224
HP 240 G8,4910
Microsoft Surface Go 2,5170
Acer TravelMate P2 TMP215-52-59UK,5526
Fujitsu Stylistic Q509,6663
Lenovo ThinkPad E14 (English Keyboard),6994
Lenovo *DEMO* ThinkPad E14,7928
Acer Swift 3 SF313-53-549D,8618
Fujitsu LIFEBOOK U7310,8990
Acer *DEMO* Predator Helios 300 PH315-52-76NP,9583
Microsoft Surface Laptop 3,10680
HP ProBook 640 G8,10695
Microsoft Surface Pro X,11074
Fujitsu LIFEBOOK U9311,11359
Fujitsu LIFEBOOK U7310,11621
HP ProBook 650 G8,11743
Microsoft Surface,11875
ASUS *DEMO* ROG Zephyrus G14 GA401IV-HE013T,13083
Lenovo ThinkPad X13 Gen 2,13095
Dell *DEMO* XPS 17 9700,18852
MSI WS63 7RK 688NE,19822
HP *DEMO* Chromebook 11 G8,2289
Acer TravelMate Spin B3 TMB311R-31-P06Z,4077
Acer Chromebook Spin 513 CP513-1H,4102
Lenovo ThinkPad E14 Gen 2,6831
HP ProBook 450 G8,7276
MSI Modern 14 B11M-029NE,7435
Fujitsu Stylistic Q509,8306
Fujitsu LIFEBOOK E5511,8847
Fujitsu LIFEBOOK E5410,9513
Microsoft Surface Laptop 3 (English Keyboard layout),10414
Microsoft MS Srfc Pro 7+ LTE i5/8/128 Plt DK/FI/NO,10434
HP ProBook x360 435 G7,11388
HP ProBook 650 G8,12414
Microsoft Surface Pro X,12787
HP Mobile Thin Client mt46,13413
Microsoft Surface Pro 7 2019 Platinum i7 16GB 512GB,13432
HP ProBook 640 G8,13553
Fujitsu LIFEBOOK U9310x,15413
Lenovo ThinkPad X1 Yoga Gen 5,17012
Razer *DEMO* Blade 15 Advanced - QHD 240Hz with RTX 3070,17913
HP Elite c1030 Chromebook,20088
HP Elite x2 G8,21108
Lenovo Legion 7 15IMH05,22985
Acer Aspire 5 A515-45-R68U,6449
Lenovo IdeaPad Flex 5 CB 13IML05,6528
Acer Chromebook Spin 513 CP513-1HL-S17G,6703
Lenovo ThinkPad E14 (English Keyboard),7606
Microsoft Surface Laptop Go med i5 og 256 GB SSD,8185
Lenovo IdeaPad Gaming 3 15IMH05,8238
Lenovo Legion 5 - Nvidia 3050TI - Corei5 10500H 6C - 512GB SSD,8299
Dell Latitude 7420,9997
Microsoft Surface Laptop 3 (English keyboard layout),10376
Microsoft MS Srfc Pro 7+ i5/8/256 SC Plt DK/FI/NO,10862
MSI Prestige 14Evo A11M-040NE,10999
Fujitsu LIFEBOOK U7311,11363
Microsoft Surface Pro X,11404
Microsoft MS Srfc Pro 7+ i5/16/256 Plt DK/FI/NO/PT,12600
HP ProBook 650 G8,12646
Microsoft Surface Pro 7 2019 Platinum i7 16GB 512GB,13432
HP ZBook Firefly 14 G8 Mobile Workstation,15505
Lenovo ThinkPad P43s,17902
HP Elite x2 G8,20174
Microsoft MS Srfc Pro 7+ i7/32/1TB Plt DK/FI/NO/PT,23498
Acer Aspire 5 A515-45-R9YY,6105
Lenovo IdeaPad Flex 5 14ITL05,6499
Microsoft Surface Laptop Go,6546
HP ProBook 450 G8,7055
Microsoft Surface Pro 7,7841
Fujitsu LIFEBOOK E5510,8095
Microsoft MS Srfc Pro 7+ i5/8/128 SC Plt DK/FI/NO,8967
Fujitsu LIFEBOOK U7510,9150
HP Mobile Thin Client mt46,9805
HP ProBook 640 G8,10631
Microsoft Surface Pro 7 2019 Platinum i7 16GB 256GB,10685
HP ProBook x360 435 G8,10819
Microsoft Surface Pro X,13168
Microsoft Surface,13484
Lenovo Yoga Slim 9 14ITU05,13999
Razer *DEMO* Blade 15 Base - FHD 144Hz with RTX 2060,14166
Microsoft Surface Book 3 (English layout keyboard),14238
Microsoft Surface Book 3 (English Layout Keyboard),16551
Lenovo ThinkPad P17 Gen 1,25184
MSI GT76 9SG-001NE Titan,27095
Apple MacBook Pro with Touch Bar,29991
Acer Chromebook 314 C933T-C64C,3330
Lenovo 500e Chromebook (2nd Gen),4066
Acer Aspire 3 A317-33-P2XT,4416
Acer *DEMO* Extensa 15 EX215-51KG-5947,4782
Microsoft Surface Go 2,5651
Microsoft Surface Pro 7 2019 Platinum i3 4GB 128GB,6534
Lenovo ThinkPad E14 (English Keyboard),7272
Lenovo ThinkPad E15 (English Keyboard),7383
Fujitsu LIFEBOOK U7410,8776
Microsoft Surface Laptop 3 Black i5 8GB 256GB,9645
Acer Swift X SFX14-41G-R8A1,10499
HP ProBook 635 Aero G8,10569
Acer Swift X SFX14-41G-R4VH,10799
Fujitsu LIFEBOOK U7411,11363
Lenovo ThinkPad X1 Carbon Gen 8,16133
Acer Predator Helios 300 PH315-53-72XG - Intel Core i7 & IPS 144 Hz,16449
Lenovo IdeaPad 3 CB 11IGL05,2099
ASUS GV301QH-K5233T - Ryzen 9 5980HS & 32 GB RAM,24899
Acer Chromebook 315 CB315-3H-C9J4 - 4 GB RAM & 32 GB SSD,2499
Lenovo IdeaPad 3 14ITL6,3749
Acer *DEMO* Extensa 15 EX215-51KG-52FH,4347
HP 15s-eq1074no - Ryzen 5 & 512 GB SSD,5699
Lenovo IdeaPad Flex 5 14ALC05,5999
Lenovo IdeaPad Flex 5 14ITL05,6499
Acer *DEMO* Nitro 5 AN517-51-52LA,6818
Acer Nitro 5 AN515-55-58M3 - Intel Core i5 & IPS 144 Hz,7028
Lenovo *DEMO* IdeaPad Flex 5 14ARE05 - Ryzen 7 4700U & 16 GB RAM,7336
Acer Nitro 5 AN515-55-59CQ - Intel Core i5 & IPS 144 Hz,8499
Acer Nitro 5 AN517-52-56FT - Intel Core i5 & IPS 120 Hz,8558
Acer Swift X SFX14-41G-R4UD,8999
Microsoft Surface Pro 7 2019 Platinum i5 8GB 256GB,9084
Acer Nitro 5 AN517-52-56KE - Intel Core i5 & IPS 120 Hz,9385
Lenovo IdeaPad Creator 5 15IMH05,9876
Fujitsu LIFEBOOK U7510,10173
Acer Predator Helios 300 PH315-53-700Z - Intel Core i7 & RTX3060,13489
Razer *DEMO* Blade 15 Base (2021) - 144hz FHD with RTX 3060,13632
Lenovo IdeaPad 3 14ITL6,2999
ASUS *DEMO* VivoBook 14 K413EA-AM756T - 256 GB SSD & 8 GB RAM,3636
Dell *DEMO* Vostro 3590,4235
HP 17-ca2006no,4379
HP *DEMO* ProBook 455 G7 Ryzen 3 8GB 256GB,5454
Lenovo IdeaPad 5 14ARE05,5781
Lenovo *DEMO* IdeaPad Flex 5 14ARE05 - Ryzen 7 & 512GB SSD,6860
Fujitsu LIFEBOOK E5510,9403
